景区名称,评论日期,评论内容,主题,评论对主题贡献度,主题关键字,评论分词,评价方面,景区编号,emotional_value,index,情感等级
A33,2020-07-28,1.2米先给进的夏威夷水城，满1.2米进去了依然不给玩滑梯家庭滑梯简直就鸡肋！小朋友进来要大人陪，大人进来又不让在空地上坐，站就这样不能站那不能站，简直坐立不安！,3.0,0.4113999903202057,"走, 高, 性价比, 免费, 太, 坐, 建议, 观音, 开车, 感觉","['米', '先', '给进', '夏威夷', '水城', '米', '依然', '滑梯', '家庭', '滑梯', '鸡肋', '大人', '陪', '大人', '不让', '空地', '坐', '站', '站', '站', '坐立不安']",性价比,33,-1.0,52918,1
A33,2020-04-06,景点里面，有很多机功游戏都是免费的，很适合一家人游玩，里面的很多花海都是拍照的好选择，田园美食也很实惠，值得一游,0.0,0.7797999978065491,"值得, 适合, 环境, 干净, 休闲, 公园, 空气清新, 瀑布, 水, 很漂亮","['机功', '游戏', '免费', '适合', '花海', '拍照', '选择', '田园', '美食', '实惠', '值得']",卫生,33,3.0,52919,5
A33,2020-11-09,很不错，便捷，服务好。之前买错了也能帮我及时处理，给去哪网的客服点个赞。,5.0,0.7181000113487244,"温泉, 服务, 服务态度, 满意, 泡温泉, 热情, 家人, 工作人员, 方便快捷, 态度","['便捷', '服务', '买错', '帮', '及时处理', '网', '客服', '赞']",服务,33,1.5,52920,3
A33,2020-05-01,呵呵，这次去**，感觉里面项目比较完善，景色很漂亮。尖叫区好好玩呀！不过机动游戏设施好旧了，某些机动游戏很欺负人，比如碰碰车，明明小孩入大门时非要按1.2米高算收取了儿童票，结果去玩机动游戏，又说小孩不够1.2米不许玩，这样也太欺负人了。老人家说玩得挺开心的，特别是很多地方都有休息区。整体还好吧！,10.0,0.2203000038862228,"喜欢, 下次, 漂亮, 朋友, 值得, 去过, 机会, 字, 开心, 风景优美","['感觉', '项目', '比较完善', '景色', '很漂亮', '尖叫', '区', '好玩', '机动', '游戏', '设施', '旧', '机动', '游戏', '欺负', '碰碰车', '明明', '入', '大门', '时', '非要', '米', '高算', '收取', '儿童票', '机动', '游戏', '米', '不许', '太', '欺负', '老人家', '开心', '特别', '休息区', '整体', '还好']",位置,33,-2.0,52921,1
A33,2020-06-21,整体游玩是不错的，值得一游！就是长者票的问题让我有点不满意。然后客服收到我的评价后立刻帮我处理，处理结果也非常满意。证实客服还是靠谱的。我还会继续关注去哪儿旅行。,5.0,0.5185999870300293,"温泉, 服务, 服务态度, 满意, 泡温泉, 热情, 家人, 工作人员, 方便快捷, 态度","['整体', '值得', '长者', '满意', '客服', '收到', '评价', '帮', '处理结果', '满意', '证实', '客服', '靠谱', '关注', '旅行']",服务,33,3.0,52922,5
A33,2020-10-21,不好玩，10月份大热天水上乐园全都不能玩了,2.0,0.4144999980926513,"好玩, 开心, 太, 天气, 项目, 特别, 舒服, 夏天, 热, 风景","['不好玩', '月份', '大热天', '水上', '乐园']",设施,33,1.0,52923,2
A33,2020-08-08,适合家庭游玩，现在就是天气太热了，又是暑假，人很多，买了个全票，但很多都没去玩，水上乐园也没去，整体感觉还可以！,2.0,0.4578000009059906,"好玩, 开心, 太, 天气, 项目, 特别, 舒服, 夏天, 热, 风景","['适合', '家庭', '天气', '太', '热', '暑假', '全票', '没去', '水上', '乐园', '没去', '整体', '感觉']",设施,33,2.0,52924,4
A33,2020-02-12,还不错，设施比较完善，老少皆宜,10.0,0.3653999865055084,"喜欢, 下次, 漂亮, 朋友, 值得, 去过, 机会, 字, 开心, 风景优美","['设施', '比较完善', '老少皆宜']",位置,33,1.5,52925,3
A33,2020-02-08,进到园内见到花花草草还可以，有些卡通公仔放在田里很可爱，插着很多风车很漂亮！水上乐园玩的设施不算多但还可以！不用停车费，租柜子20押金20，最好的就是冲凉房有热水供应，小孩玩完水不怕洗冷水冻着！还有可以带食物进去园内吃！休息区也比较多还有风扇不怕热，这些都挺好！服务人员态度大多都不太热情，去到玩机动游戏，那个工作人员坐着都不想动，给人感觉就好像最好你们不玩，我就可以坐着不动！水基本卖的都是比外面贵两元！总体来说七十块钱的话这里玩还是值得的！以后有机会还是会光顾喔！,3.0,0.2337999939918518,"走, 高, 性价比, 免费, 太, 坐, 建议, 观音, 开车, 感觉","['进', '园内', '见到', '花花草草', '卡通', '公仔', '放在', '田里', '可爱', '插', '风车', '很漂亮', '水上', '乐园', '设施', '不算', '不用', '停车费', '租', '柜子', '押金', '冲凉', '房', '热水', '供应', '玩完', '水', '洗', '冷水', '冻', '食物', '园内', '吃', '休息区', '风扇', '热', '服务', '人员', '态度', '太', '热情', '机动', '游戏', '工作人员', '坐', '不想', '动', '感觉', '好像', '坐', '不动', '水', '卖', '外面', '贵', '两元', '总体', '七十块', '钱', '值得', '机会', '光顾', '喔']",性价比,33,5.0,52926,5
A33,2020-03-26,还没到正门，路边已看到一大片的紫荆花，美不胜收；正门进去往右边走是一大片的油菜花和格桑花，往左过一片花园后是各种的机动游乐设施，大人小孩玩的都有，很适合一日游,3.0,0.3364999890327453,"走, 高, 性价比, 免费, 太, 坐, 建议, 观音, 开车, 感觉","['没到', '正门', '路边', '大片', '紫荆花', '美不胜收', '正门', '往右边', '走', '大片', '油菜花', '和格桑', '花', '左', '花园', '机动', '游乐', '设施', '大人', '适合', '一日游']",性价比,33,1.0,52927,2
A33,2020-02-01,好好玩，玩的好开心，我们玩了一整天,2.0,0.7692000269889832,"好玩, 开心, 太, 天气, 项目, 特别, 舒服, 夏天, 热, 风景","['好玩', '好开心', '一整天']",设施,33,1.5,52928,3
A33,2020-05-16,前几天休假，特意带着家人一起来到了高明区著名的旅游景点**景区。我们是自驾车去的，所以非常方便，广明高速西安出口直达。地处远离城市喧嚣的郊区，不自觉的就会给人一种恬然自得的心情体验。      进到里面给我的第一感觉是里面有非常大的免费停车场，因为是五一，人还是蛮多的，但这个大停车场让我免去了找，抢停车位的烦恼。进到里面映入眼帘的是一大片的花海，有天兰葵，薰衣草，金鱼草等，真的算是一片五彩的花海，非常美丽。一家人仅仅在这第一个园区就驻足拍照了很久。之后来到了小孩子们最喜欢玩的机动园区，因为是一票通制，所以里面的游乐设施几乎都是免费不限次数游玩的，非常过瘾和尽兴。里面还有跑马场，不过要付费，似乎是20块左右。里面还有森林剧场三只小猪和大灰狼，非常搞怪有趣，小孩子非常喜欢。园区里面也有餐厅，中午饭是餐厅里吃的，吃了园区的招牌菜烤全羊，味道非常不错量还很足。下午我们就回去了。总之，这是一次非常不错的出行体验，很适合带家人，带长者小孩过来游玩。,3.0,0.323199987411499,"走, 高, 性价比, 免费, 太, 坐, 建议, 观音, 开车, 感觉","['前', '几天', '休假', '特意', '家人', '来到', '高明区', '著名', '旅游景点', '自驾车', '广明', '高速', '西安', '出口', '直达', '地处', '远离', '城市', '喧嚣', '郊区', '自觉', '一种', '恬然', '自得', '心情', '体验', '进', '第一', '感觉', '免费', '停车场', '五一', '停车场', '免去', '了找', '抢', '停车位', '烦恼', '进', '映入眼帘', '大片', '的花海', '天兰', '葵', '薰衣草', '金鱼草', '真的', '算是', '五彩', '的花海', '美丽', '第一个', '园区', '驻足', '拍照', '很久', '来到', '喜欢', '机动', '园区', '一票通', '制', '游乐', '设施', '免费', '限', '次数', '过瘾', '尽兴', '跑马场', '付费', '块', '森林', '剧场', '三只', '小猪', '大灰狼', '搞怪', '有趣', '喜欢', '园区', '餐厅', '中午饭', '餐厅', '吃', '吃', '园区', '招牌菜', '烤全羊', '味道', '量', '很足', '下午', '回去', '出行', '体验', '适合', '家人', '长者']",性价比,33,6.0,52929,5
A33,2020-04-27,人很多，花也很漂亮。就是没看到樱花,0.0,0.3623000085353851,"值得, 适合, 环境, 干净, 休闲, 公园, 空气清新, 瀑布, 水, 很漂亮","['花', '很漂亮', '樱花']",卫生,33,1.5,52930,3
A33,2020-10-04,二维码没注明要截屏保存，搞到玻璃桥入不了，差评！,3.0,0.271699994802475,"走, 高, 性价比, 免费, 太, 坐, 建议, 观音, 开车, 感觉","['二维码', '注明', '要截', '屏', '保存', '搞', '玻璃', '桥入', '差', '评']",性价比,33,1.5,52931,3
A33,2020-02-04,不错的地方，有拓展的活动，特别适合小孩,0.0,0.5206999778747559,"值得, 适合, 环境, 干净, 休闲, 公园, 空气清新, 瀑布, 水, 很漂亮","['拓展', '活动', '特别', '适合']",卫生,33,2.0,52932,4
A33,2020-02-14,人流量大，挺好玩的，物有所值,10.0,0.5192999839782715,"喜欢, 下次, 漂亮, 朋友, 值得, 去过, 机会, 字, 开心, 风景优美","['人流量', '挺好玩', '物有所值']",位置,33,1.5,52933,3
A33,2020-12-02,玻璃桥还好，只是需要的时间长点孩子们玩得更开心，玻璃桥还好，只是需要的时间长点孩子们玩得更开心，玻璃桥还好，只是需要的时间长点孩子们玩得更开心、玻璃桥还好，只是需要的时间长点孩子们玩得更开心！,3.0,0.5120999813079834,"走, 高, 性价比, 免费, 太, 坐, 建议, 观音, 开车, 感觉","['玻璃', '桥', '还好', '长点', '开心', '玻璃', '桥', '还好', '长点', '开心', '玻璃', '桥', '还好', '长点', '开心', '玻璃', '桥', '还好', '长点', '开心']",性价比,33,4.0,52934,5
A33,2020-02-09,就是人太多了，不过假日是这样了,9.0,0.692300021648407,"山, 爬山, 好多, 希望, 太, 美的, 钱, 水, 骑, 活动","['太', '假日']",设施,33,1.5,52935,3
A33,2020-05-03,环境游玩配套很好，物有所值。,10.0,0.4860999882221222,"喜欢, 下次, 漂亮, 朋友, 值得, 去过, 机会, 字, 开心, 风景优美","['环境', '配套', '物有所值']",位置,33,1.5,52936,3
A33,2020-12-30,厕所的设计挺窝心的，比较人性化，就是小卖部服务员态度比较差,7.0,0.4027000069618225,"环境, 贵, 很好, 没什么, 吃, 东西, 太, 差, 感觉, 风景","['厕所', '设计', '窝心', '人性化', '小卖部', '服务员', '态度', '差']",性价比,33,1.0,52937,2
A33,2020-05-03,回程路上在景区塞了一个半小时出不了停车场，无语。,6.0,0.5734000205993652,"上山, 广东, 导游, 山顶, 时, 走, 到达, 两个, 下午, 坐","['回程', '路上', '塞', '一个半', '停车场', '语']",服务,33,1.5,52938,3
A33,2020-02-17,好玩。方便，下次会继续去玩,2.0,0.4523000121116638,"好玩, 开心, 太, 天气, 项目, 特别, 舒服, 夏天, 热, 风景","['好玩', '下次']",设施,33,1.5,52939,3
A33,2020-04-22,下单方便，快捷，直接在园区门口扫二维码就OK了。赞一个,4.0,0.6118999719619751,"便宜, 价格, 优惠, 网上, 现场, 不用, 实惠, 排队, 购票, 订","['下单', '快捷', '园区', '门口', '扫', '二维码', '赞']",性价比,33,1.5,52940,3
A33,2020-05-13,园区挺大，有六大主题，现在是薰衣草的季节，有大摆锤跳楼机等。里面用餐地方多，金牌濑粉有鸡有烧肉38元一大碗。科普区有各种多肉可出售。可以玩一白天。,3.0,0.2266999930143356,"走, 高, 性价比, 免费, 太, 坐, 建议, 观音, 开车, 感觉","['园区', '六大', '主题', '薰衣草', '季节', '有大', '摆锤', '跳楼', '机', '用餐', '金牌', '濑粉', '鸡', '烧肉', '大碗', '科普', '区', '肉', '出售', '白天']",性价比,33,1.5,52941,3
A33,2020-05-04,不好玩，不值得花140多块去这里，还不如去**农庄，**农庄相比之下还更好玩,1.0,0.2773999869823456,"风景, 表演, 值得, 一般般, 位于, 晚上, 好看, 建筑, 美丽, 大自然","['不好玩', '值得', '花', '多块', '农庄', '农庄', '相比之下', '好玩']",服务,33,1.0,52942,2
A33,2020-05-11,人工制造出来的园林景观，景色宜人，鸟语花香，春暖花开之时，万花齐放，摆拍街拍自拍好去处，还配有机动游乐场，更是亲子家庭春游好去处。,0.0,0.4472000002861023,"值得, 适合, 环境, 干净, 休闲, 公园, 空气清新, 瀑布, 水, 很漂亮","['人工', '制造', '园林景观', '景色宜人', '鸟语花香', '春暖花开', '时', '万', '花', '齐放', '摆', '拍', '街', '拍自', '拍', '好去处', '配有', '机动', '游乐场', '更是', '亲子', '家庭', '春游', '好去处']",卫生,33,1.5,52943,3
A33,2020-03-19,可还行，就是喜欢玻璃桥才去的,3.0,0.4171000123023987,"走, 高, 性价比, 免费, 太, 坐, 建议, 观音, 开车, 感觉","['还行', '喜欢', '玻璃', '桥']",性价比,33,1.0,52944,2
A33,2020-04-17,首先给我感觉就是很适合一家人游玩的，很多元素都是很吸引小朋友，还有各式各样的花朵，很吸引我。还有拍了很多好美的照片，还有可以带着大朋友小朋友一起去玩机动游戏，特别让我印象深刻的就是大摆锤，很刺激，很有挑战，下次还会去。,10.0,0.4106000065803528,"喜欢, 下次, 漂亮, 朋友, 值得, 去过, 机会, 字, 开心, 风景优美","['感觉', '适合', '元素', '吸引', '各式各样', '花朵', '吸引', '拍', '美的', '照片', '朋友', '机动', '游戏', '特别', '印象', '深刻', '摆锤', '刺激', '挑战', '下次']",位置,33,3.0,52945,5
A33,2020-02-26,不错，挺好玩的，免费项目适合孩子，可惜都有体重限制，肥的人玩不了,5.0,0.3228999972343445,"温泉, 服务, 服务态度, 满意, 泡温泉, 热情, 家人, 工作人员, 方便快捷, 态度","['挺好玩', '免费', '项目', '适合', '可惜', '体重', '肥']",服务,33,1.0,52946,2
A33,2020-04-10,你们进去就进去玩，千万不要在外面吃那些卖粉的，特别是濑粉，有毛，特别多,7.0,0.6671000123023987,"环境, 贵, 很好, 没什么, 吃, 东西, 太, 差, 感觉, 风景","['外面', '吃', '卖粉', '特别', '濑粉', '毛', '特别']",性价比,33,2.0,52947,4
A33,2020-07-02,**景区真的值得一去，环境美，设施全，大人小孩都很好玩(^^ ),11.0,0.3240000009536743,"景色, 美, 感觉, 山上, 值得, 中, 优美, 拍, 交通, 少","['真的', '值得', '环境', '美', '设施', '全', '大人', '好玩']",位置,33,1.0,52948,2
A33,2020-02-16,不错，有机会再带家人去，适合一日游。,5.0,0.2188999950885772,"温泉, 服务, 服务态度, 满意, 泡温泉, 热情, 家人, 工作人员, 方便快捷, 态度","['机会', '家人', '适合', '一日游']",服务,33,2.0,52949,4
A33,2020-07-02,**景区真的值得一去，环境美，设施全，小孩玩到不愿走,11.0,0.6590999960899353,"景色, 美, 感觉, 山上, 值得, 中, 优美, 拍, 交通, 少","['真的', '值得', '环境', '美', '设施', '全', '玩到', '愿', '走']",位置,33,1.0,52950,2
A33,2020-02-16,去的时候挺多人的，适合亲子游，地方也挺大的。,0.0,0.5174999833106995,"值得, 适合, 环境, 干净, 休闲, 公园, 空气清新, 瀑布, 水, 很漂亮","['适合', '亲子', '挺大']",卫生,33,1.0,52951,2
A33,2020-02-05,地方大，好玩，还会再去。,2.0,0.5385000109672546,"好玩, 开心, 太, 天气, 项目, 特别, 舒服, 夏天, 热, 风景",['好玩'],设施,33,1.5,52952,3
A33,2020-02-05,地方大，好玩，性价比高，唯一不足是玻璃桥不值票价。,3.0,0.5806999802589417,"走, 高, 性价比, 免费, 太, 坐, 建议, 观音, 开车, 感觉","['好玩', '性价比', '高', '唯一', '玻璃', '桥', '不值', '票价']",性价比,33,-1.0,52953,1
A33,2020-03-25,有没有人去过电话多少？,6.0,0.51910001039505,"上山, 广东, 导游, 山顶, 时, 走, 到达, 两个, 下午, 坐","['有没有', '去过', '电话']",服务,33,1.5,52954,3
A33,2020-06-04,很高兴，一家大小的好去处，过年再去，夏天听说玩水的建好了,6.0,0.2610999941825866,"上山, 广东, 导游, 山顶, 时, 走, 到达, 两个, 下午, 坐","['一家', '大小', '好去处', '过年', '夏天', '听说', '玩水', '建好']",服务,33,1.5,52955,3
A33,2020-02-09,没什么好玩的，浪费钱,9.0,0.4124000072479248,"山, 爬山, 好多, 希望, 太, 美的, 钱, 水, 骑, 活动","['没什么', '好玩', '浪费', '钱']",设施,33,-1.0,52956,1
A33,2020-04-30,还不错的选择，五彩缤纷的景色，不过有点看不懂这个“Hello Kitty”模型。,11.0,0.5063999891281128,"景色, 美, 感觉, 山上, 值得, 中, 优美, 拍, 交通, 少","['选择', '五彩缤纷', '景色', '看不懂', '模型']",位置,33,1.5,52957,3
A33,2020-03-02,不好玩不好玩，一点都不好玩，不要去,7.0,0.8154000043869019,"环境, 贵, 很好, 没什么, 吃, 东西, 太, 差, 感觉, 风景","['不好玩', '不好玩', '一点', '不好玩']",性价比,33,1.5,52958,3
A33,2020-05-02,这里价格合理(一票通)，适合带小孩子好好体验一下！建议游玩一天，园内设施很多。特别是有很多大型游玩设备和喜欢体验骑的朋友更值得去，同时也有各种植物园让小朋友了解更多，下面我分享几张图给大家！,10.0,0.2587999999523163,"喜欢, 下次, 漂亮, 朋友, 值得, 去过, 机会, 字, 开心, 风景优美","['价格合理', '一票通', '适合', '好好', '体验', '建议', '园内', '设施', '特别', '大型', '设备', '喜欢', '体验', '骑', '朋友', '值得', '植物园', '分享', '几张', '图']",位置,33,4.0,52959,5
A33,2020-04-15,挺好玩的 和一队同事去，很开心,10.0,0.7692000269889832,"喜欢, 下次, 漂亮, 朋友, 值得, 去过, 机会, 字, 开心, 风景优美","['挺好玩', '一队', '同事', '开心']",位置,33,1.0,52960,2
A33,2017-11-15,**景区是一个集旅游、娱乐、科普教育于一体的自然生态园。设有农业观赏种植区、优质果园采摘区、水上活动区、青少年体能活动区、原始山林探险区等活动项目。入园后的整体感觉不错，园区比较大，种植的花也比较多，游泳池、机动乐园都是免费的，适合小孩玩，反正女儿玩的很开心，值得推荐！,0.0,0.4805000126361847,"值得, 适合, 环境, 干净, 休闲, 公园, 空气清新, 瀑布, 水, 很漂亮","['一个集', '娱乐', '科普', '教育', '一体', '自然', '生态园', '设有', '农业', '观赏', '种植区', '优质', '果园', '采摘', '区', '水上', '活动区', '青少年', '体能', '活动区', '原始', '山林', '探险', '区', '活动', '项目', '入园', '整体', '感觉', '园区', '种植', '花', '游泳池', '机动', '乐园', '免费', '适合', '反正', '女儿', '开心', '值得', '推荐']",卫生,33,9.0,52961,5
A33,2020-04-03,确实挺好的，重要是门票便宜，里面的基本免费玩，除了卡丁车和骑马，其他都是免费的吧，小卖铺的也便宜，一般就比平常市面价贵两三块，五羊雪糕才五块钱，比广州啊珠海啊那些十块十五块的便宜多了。重点还是机动游戏无限次免费玩啊，游戏也分低能高能，所以大人小朋友都有的玩。,10.0,0.2439000010490417,"喜欢, 下次, 漂亮, 朋友, 值得, 去过, 机会, 字, 开心, 风景优美","['确实', '便宜', '免费', '卡丁车', '骑马', '免费', '小卖铺', '便宜', '平常', '市面', '价贵', '两', '三块', '五羊', '雪糕', '五块', '钱', '广州', '珠海', '十块', '十五块', '便宜', '重点', '机动', '游戏', '无限', '次', '免费', '游戏', '低能', '高能', '大人']",位置,33,7.0,52962,5
A33,2020-12-02,玻璃桥还好，只是需要的时间长点孩子们玩得更开心,3.0,0.4607999920845032,"走, 高, 性价比, 免费, 太, 坐, 建议, 观音, 开车, 感觉","['玻璃', '桥', '还好', '长点', '开心']",性价比,33,1.0,52963,2
A33,2020-03-28,已是第二次去[玩了，三月花好美，希望T票r格可以平c,9.0,0.3217999935150146,"山, 爬山, 好多, 希望, 太, 美的, 钱, 水, 骑, 活动","['已', '第二次', '[', '三月', '花', '美', '希望', 'T票', 'r格', '平c']",设施,33,1.0,52964,2
A33,2020-06-30,去的那天太热，很多项目都不想玩了，5点多的时候想玩，都关了，但是整体不错，门票也不贵，里面收费项目挺少的，基本都免费；工作人员比较热情，去的时候不是假期，游玩的人比较少，小孩子比较喜欢，里面主题也挺多的，凉快的时候去会更好，就是玩水可能有点冷；环境比较安静，总体挺好的……,2.0,0.2680000066757202,"好玩, 开心, 太, 天气, 项目, 特别, 舒服, 夏天, 热, 风景","['那天', '太', '热', '项目', '不想', '想', '关了', '整体', '不贵', '收费', '项目', '少', '免费', '工作人员', '热情', '假期', '少', '喜欢', '主题', '凉快', '更好', '玩水', '冷', '环境', '安静', '总体']",设施,33,5.0,52965,5
A33,2020-03-19,环境很好，园区很大，可以逛一天，我们是三月初去的，花开得很好，很漂亮，孩子也很喜欢，里面有挺多机动游戏，有些小宝宝也可以坐，例如小火车，旋转木马那些，虽然门票有点贵，但是项目也很多，如果是孩子很喜欢玩机动游戏，完全可以带过去，人也不算很多，热门项目要排队的时间多点，适合亲子游，闺蜜游，情侣游，哈哈哈,0.0,0.2870999872684479,"值得, 适合, 环境, 干净, 休闲, 公园, 空气清新, 瀑布, 水, 很漂亮","['环境', '园区', '很大', '逛', '三月初', '花', '开', '很漂亮', '喜欢', '机动', '游戏', '小宝宝', '坐', '火车', '旋转', '木马', '贵', '项目', '喜欢', '机动', '游戏', '不算', '热门', '项目', '排队', '多点', '适合', '亲子', '闺蜜', '情侣', '哈哈哈']",卫生,33,3.0,52966,5
A33,2020-06-19,端午节放假去的，订的随时取票的门票，跟景区节假日优惠价一样都是98块成人，带两个孩子去的，进去就往水城跑了，在里面泡了几个小时，建议游泳圈，泳衣那些都在景区门口买，比景区里面便宜很多。大人不穿泳衣不让下水。通票有很多免费机动项目，不过有身高限制，很多项目一米二以下的小朋友玩不了，吃的话建议自己带食物吧,3.0,0.4142000079154968,"走, 高, 性价比, 免费, 太, 坐, 建议, 观音, 开车, 感觉","['端午节', '放假', '订', '节假日', '优惠价', '块', '成人', '两个', '水城', '跑', '几个', '建议', '游泳圈', '泳衣', '门口', '便宜', '大人', '穿', '泳衣', '不让', '下水', '通票', '免费', '机动', '项目', '身高', '项目', '一米', '吃', '建议', '食物']",性价比,33,2.0,52967,4
A33,2020-03-28,高明**生B@已是第二次去了,10.0,0.3591000139713287,"喜欢, 下次, 漂亮, 朋友, 值得, 去过, 机会, 字, 开心, 风景优美","['高明', '生B@', '已', '第二次']",位置,33,1.5,52968,3
A33,2020-07-01,天气比较热，有些树不够茂密，比较晒，人不多，机动游戏不用排队，任玩，性价比很高，玩了五六个钟都没玩完，旅程还是很愉快的,2.0,0.4469000101089477,"好玩, 开心, 太, 天气, 项目, 特别, 舒服, 夏天, 热, 风景","['天气', '热', '树', '茂密', '晒', '人不多', '机动', '游戏', '不用', '排队', '性价比', '高', '五六个', '钟', '玩完', '旅程', '愉快']",设施,33,1.0,52969,2
A33,2020-06-10,说实在的，一般般，花又不够多，机动游戏还可以，小朋友喜欢,10.0,0.4665000140666961,"喜欢, 下次, 漂亮, 朋友, 值得, 去过, 机会, 字, 开心, 风景优美","['实在', '一般般', '花', '机动', '游戏', '喜欢']",位置,33,2.0,52970,4
A33,2020-10-30,老少咸宜的一个地方。有花看，有水玩，有机动游戏，有玻璃桥。总有一样适合自己的,3.0,0.4183000028133392,"走, 高, 性价比, 免费, 太, 坐, 建议, 观音, 开车, 感觉","['老少咸宜', '花', '水', '机动', '游戏', '玻璃', '桥', '总', '适合']",性价比,33,1.0,52971,2
A33,2020-04-06,刚好是花开得最美的时候去，景色不错，小孩太小了，很多机动游戏玩不了，有点失望，动物也有点少，希望可以引进多点小动物看看。,10.0,0.2949000000953674,"喜欢, 下次, 漂亮, 朋友, 值得, 去过, 机会, 字, 开心, 风景优美","['花', '开得', '最美', '景色', '太小', '机动', '游戏', '失望', '动物', '少', '希望', '引进', '多点', '动物']",位置,33,0.0,52972,1
A33,2016-03-04,还不错，地理位置容易找，园内地方大，油菜花多，餐厅迟得也不算贵，味道还好，但机动游戏符合成年人玩的不多，都是以小朋友为主，希望多增加点大型游戏。小卖部卖的东西不多，应该要多增加点特色东西。总体来说这个价钱性价比高,7.0,0.4431000053882599,"环境, 贵, 很好, 没什么, 吃, 东西, 太, 差, 感觉, 风景","['地理位置', '找', '园内', '油菜花', '餐厅', '迟', '不算', '贵', '味道', '还好', '机动', '游戏', '符合', '成年人', '不多', '希望', '增加', '大型', '游戏', '小卖部', '卖', '东西', '增加', '特色', '东西', '总体', '价钱', '性价比', '高']",性价比,33,3.0,52973,5
A33,2020-04-17,很好玩，很适合一家大小，风景很美，玩得很开心。,7.0,0.3935000002384186,"环境, 贵, 很好, 没什么, 吃, 东西, 太, 差, 感觉, 风景","['好玩', '适合', '一家', '大小', '风景', '美', '开心']",性价比,33,2.0,52974,4
A33,2020-10-05,比较值得玩玩，只是国庆过去比较多人还塞车,0.0,0.3876000046730041,"值得, 适合, 环境, 干净, 休闲, 公园, 空气清新, 瀑布, 水, 很漂亮","['值得', '玩玩', '国庆', '塞车']",卫生,33,1.0,52975,2
A33,2017-11-19,周末和朋友一起来到高明**景区游玩，该园始建于2000年12月，距离广明高速沧江出口处右转约1公里处，交通十分便利。   园内主要有农家餐厅、大型的野炊烧烤场、拓展运动设施、水上拓展项目、攀爬项目、山水游泳场、足球场、篮球场、动物园区、机动游戏、超市、宜居小木屋等。园内用餐可以品尝到地道的自养的家禽、有机蔬菜、优质水果等，绿化不错，是附近春游不错的地方,0.0,0.2475000023841858,"值得, 适合, 环境, 干净, 休闲, 公园, 空气清新, 瀑布, 水, 很漂亮","['周末', '朋友', '来到', '高明', '园', '始建', '年', '月', '距离', '广明', '高速', '沧江', '出口处', '右转', '约', '公里', '处', '交通', '便利', '园内', '农家', '餐厅', '大型', '野炊', '烧烤', '场', '拓展', '运动', '设施', '水上', '拓展', '项目', '攀爬', '项目', '山水', '游泳场', '足球场', '篮球场', '动物园', '区', '机动', '游戏', '超市', '宜居', '小木屋', '园内', '用餐', '品尝', '地道', '自养', '家禽', '有机', '蔬菜', '优质', '水果', '绿化', '春游']",卫生,33,2.0,52976,4
A33,2017-11-17,是一个教育基地，即使是非周末那都是人山人海，感觉比较适合小学组团过来观摩学习。占比较大面积的是花海加塑料造型卡通人物可以拍美美的照片。散落在周边的有农夫之家可以看看耕耘的工具，气象台学习一点地理知识，锻炼体格的障碍设施，夏天还可以下水。此外，还有一片区域是小型机动游戏。不知道是不是我粗心没留意感觉园区内洗手间不是很充足。餐饮水平也有待提高。,0.0,0.2759999930858612,"值得, 适合, 环境, 干净, 休闲, 公园, 空气清新, 瀑布, 水, 很漂亮","['教育', '基地', '是非', '周末', '人山人海', '感觉', '适合', '小学', '组团', '观摩', '学习', '占', '大面积', '花海', '加', '塑料', '造型', '卡通人物', '拍', '美美', '照片', '散落', '周边', '农夫', '家', '耕耘', '工具', '气象台', '学习', '一点', '地理知识', '锻炼', '体格', '障碍', '设施', '夏天', '下水', '区域', '小型', '机动', '游戏', '粗心', '留意', '感觉', '园区', '洗手间', '充足', '餐饮', '水平', '有待', '提高']",卫生,33,4.0,52977,5
A33,2020-10-03,取票麻烦，景点好无聊，堵车严重,1.0,0.2693000137805938,"风景, 表演, 值得, 一般般, 位于, 晚上, 好看, 建筑, 美丽, 大自然","['麻烦', '无聊', '堵车']",服务,33,-2.0,52978,1
A33,2020-10-05,玩是好玩，就是停车场出来堵了三四个小时，才出来了，没有一个工作人员指挥交通，都是你挤我我挤你的,3.0,0.570900022983551,"走, 高, 性价比, 免费, 太, 坐, 建议, 观音, 开车, 感觉","['好玩', '停车场', '堵', '三四个', '工作人员', '指挥', '交通', '挤', '挤']",性价比,33,1.5,52979,3
A33,2020-10-18,现在花还开着吗      没去过   来问问,9.0,0.692300021648407,"山, 爬山, 好多, 希望, 太, 美的, 钱, 水, 骑, 活动","['花', '开', '问问']",设施,33,1.5,52980,3
A33,2020-04-01,玩的地方多，很好玩，性价比高。。。准备去第2次,3.0,0.5192000269889832,"走, 高, 性价比, 免费, 太, 坐, 建议, 观音, 开车, 感觉","['好玩', '性价比', '高', '第次']",性价比,33,1.5,52981,3
A33,2020-08-24,不错的地方，适合带孩子去玩，水上乐园很给力，孩子很喜欢,2.0,0.6777999997138977,"好玩, 开心, 太, 天气, 项目, 特别, 舒服, 夏天, 热, 风景","['适合', '水上', '乐园', '力', '喜欢']",设施,33,3.0,52982,5
A33,2020-05-06,一票通，景色宜人，非常值得去的景点,0.0,0.5192000269889832,"值得, 适合, 环境, 干净, 休闲, 公园, 空气清新, 瀑布, 水, 很漂亮","['一票通', '景色宜人', '值得']",卫生,33,1.0,52983,2
A33,2020-03-06,非常好玩，价格公道，游玩项目多，很适合春游,2.0,0.4623000025749206,"好玩, 开心, 太, 天气, 项目, 特别, 舒服, 夏天, 热, 风景","['好玩', '价格公道', '项目', '适合', '春游']",设施,33,1.0,52984,2
A33,2017-02-05,风景好，有的玩，有的吃，适合全家去，服务好，取票快，5分,0.0,0.4952999949455261,"值得, 适合, 环境, 干净, 休闲, 公园, 空气清新, 瀑布, 水, 很漂亮","['风景', '吃', '适合', '全家', '服务']",卫生,33,1.0,52985,2
A33,2020-05-21,很好玩，小孩很喜欢，特别是里面有个水上反斗城，小孩上午下午各玩了一次，每次都玩一个小时多。其他也很有趣，下次还会再去。价格再优惠点就更好了,2.0,0.2592999935150146,"好玩, 开心, 太, 天气, 项目, 特别, 舒服, 夏天, 热, 风景","['好玩', '喜欢', '特别', '有个', '水上', '反斗', '城', '上午', '下午', '每次', '有趣', '下次', '价格', '优惠', '更好']",设施,33,3.0,52986,5
A33,2017-05-29,佛山高明**景区亲子游玩攻略1.2米以下免票，1.2至1.5米半票，成人票扫码购票便宜5块。防晒霜，遮阳帽，毛巾，水，手机防水套，泳衣泳裤必备，大人T恤短外裤最好，注意点基本不用换。小朋友最好穿一套带一套。园区进门后左边是前往九寨水城水上乐园，右边是前往花圃，进园看见的小黄鸭假山背后有扫码免费拿小公仔[呲牙]。水上乐园10点开场，更衣室门口有储物箱可以租用，押金20租金20，拖鞋可以不用带因为都是光脚丫前往下水，更衣室冲凉是冷水有电吹风提供，儿童区水深0.20.5米，有提供水上玩乐的浮艇跟滑滑梯，如果想轻松玩水，在大人陪同看护下可以不用带游泳圈，妈妈们一定带遮阳帽，提前擦防晒霜，太晒啦！[抓狂]儿童区上面是1.5米深水区。水上乐园刚开场时人会相对少点，到12点前人就多得像下饺子。吃饭可以去麦田守望餐厅，不要点套餐，可以点份青菜蜜汁叉烧肉鱼丸两份白米饭即可，前往机动游戏区路上还有一个水上游乐区，建议小朋友短裤T恤凉鞋，因为又会玩嗨到湿身，这也是为啥家长穿短外裤比较实用[耶]，那一路上还有许多陆地平衡项目跟小话剧表演，在机动游戏区有20多了项目，但是很多项目要求1.2米以上儿童才可参加。碰碰车项目会一直强调1.2米如果人少即是稍微差点也能混进去玩，碰碰车要求小孩坐家长左手边位置。摩天轮，小飞机，章鱼等旋转幅度很小的基本能坐。最后往花圃溜达一圈到达园门出入口，可以再去扫码换公仔[偷笑]，就此游玩结束。本次是5月底游玩心得，希望对您有帮助！,6.0,0.2217999994754791,"上山, 广东, 导游, 山顶, 时, 走, 到达, 两个, 下午, 坐","['佛山', '高明', '亲子', '攻略', '米', '免票', '米', '半票', '成人', '扫码', '购票', '便宜', '块', '防晒霜', '遮阳帽', '毛巾', '水', '手机', '防水', '套', '泳衣', '泳裤', '必备', '大人', '恤短', '外裤', '不用', '换', '穿', '一套', '一套', '园区', '进门', '左边', '前往', '九寨', '水城', '水上', '乐园', '右边', '前往', '花圃', '进园', '黄', '鸭', '假山', '背后', '扫码', '免费', '公仔', '呲', '牙', '水上', '乐园', '开场', '更衣室', '门口', '储物箱', '租用', '押金', '租金', '拖鞋', '不用', '脚丫', '前往', '下水', '更衣室', '冲凉', '冷水', '电吹风', '提供', '儿童', '区', '水深', '米', '提供', '水上', '玩乐', '浮艇', '跟滑', '滑梯', '想', '轻松', '玩水', '大人', '陪同', '看护', '不用', '游泳圈', '妈妈', '遮阳帽', '提前', '擦', '防晒霜', '太', '晒', '抓狂', '儿童', '区', '米', '深水', '区', '水上', '乐园', '开场', '时人', '少', '前人', '得像', '饺子', '吃饭', '麦田', '守望', '餐厅', '套餐', '点份', '青菜', '蜜汁', '叉烧', '肉', '鱼丸', '两份', '白米饭', '即可', '前往', '机动', '游戏', '区', '路上', '水上', '游乐区', '建议', '短裤', '恤', '凉鞋', '嗨', '湿身', '为啥', '家长', '穿', '短', '外裤', '实用', '耶', '一路上', '陆地', '平衡', '项目', '话剧表演', '机动', '游戏', '区', '项目', '项目', '米', '儿童', '参加', '碰碰车', '项目', '米', '少', '即是', '稍微', '差点', '混进去', '碰碰车', '坐', '家长', '左手边', '位置', '摩天轮', '飞机', '章鱼', '旋转', '幅度', '很小', '坐', '花圃', '溜达', '一圈', '到达', '园门', '出入口', '扫码', '换', '公仔', '偷笑', '结束', '本次', '月底', '心得', '希望']",服务,33,11.0,52987,5
A33,2017-11-16,这个景点风景优美，价格合理，老少皆宜，尤其是水上乐园和机动游戏小孩子们特别喜欢，值得一去！,10.0,0.545199990272522,"喜欢, 下次, 漂亮, 朋友, 值得, 去过, 机会, 字, 开心, 风景优美","['风景优美', '价格合理', '老少皆宜', '水上', '乐园', '机动', '游戏', '特别', '喜欢', '值得']",位置,33,4.0,52988,5
A33,2020-05-10,乡村游线路，线路条条有特色，到**景区赏花，中午品尝最有名的烤全羊、濑粉还有大盆菜，下午游览潜龙谷。,6.0,0.3253999948501587,"上山, 广东, 导游, 山顶, 时, 走, 到达, 两个, 下午, 坐","['乡村', '线路', '线路', '条条', '特色', '赏花', '中午', '品尝', '有名', '烤全羊', '濑粉', '盆菜', '下午', '游览', '潜龙', '谷']",服务,33,2.0,52989,4
A33,2020-06-19,能玩一天，机动游戏适合大点的孩子,10.0,0.4149999916553497,"喜欢, 下次, 漂亮, 朋友, 值得, 去过, 机会, 字, 开心, 风景优美","['机动', '游戏', '适合', '大点']",位置,33,1.0,52990,2
A33,2020-04-10,很多游乐设备都还在建，因为风大的原因，很多设备不能开，就玩了一个大摆锤，花很漂亮，有很多小朋友玩的，还不错，等过段时间热点可以玩水上乐园,9.0,0.4501999914646148,"山, 爬山, 好多, 希望, 太, 美的, 钱, 水, 骑, 活动","['游乐', '设备', '在建', '风大', '原因', '设备', '开', '摆锤', '花', '很漂亮', '过段时间', '热点', '水上', '乐园']",设施,33,1.0,52991,2
A33,2017-08-20,园里很大，很多玩乐，小朋友很适合，春天去很漂亮，花多而美，农科奇观很好看，好多新奇的植物无见过，大开眼界了，停车地方也多，不过人多的时候，车位也不太够,7.0,0.2759000062942505,"环境, 贵, 很好, 没什么, 吃, 东西, 太, 差, 感觉, 风景","['园里', '很大', '玩乐', '适合', '春天', '很漂亮', '花', '美', '农科', '奇观', '好看', '好多', '新奇', '植物', '无见', '大开眼界', '停车', '车位', '太', '够']",性价比,33,2.0,52992,4
A33,2020-05-18,真失望那么大老远跑过来，门票那么贵，又不好玩，景色也不好，机动游戏种类又少，好评的都是托,10.0,0.3242999911308288,"喜欢, 下次, 漂亮, 朋友, 值得, 去过, 机会, 字, 开心, 风景优美","['真', '失望', '大老远', '跑过来', '贵', '不好玩', '景色', '不好', '机动', '游戏', '种类', '少', '好评', '托']",位置,33,-2.0,52993,1
A33,2020-04-06,很好玩！园内的景色很美，还有丰富的娱乐设施，大人小孩都玩得很开心。,2.0,0.4336999952793121,"好玩, 开心, 太, 天气, 项目, 特别, 舒服, 夏天, 热, 风景","['好玩', '园内', '景色', '美', '娱乐', '设施', '大人', '开心']",设施,33,2.0,52994,4
A33,2020-07-08,**景区真的值得一家大小去玩，好玩得不想走,7.0,0.6783999800682068,"环境, 贵, 很好, 没什么, 吃, 东西, 太, 差, 感觉, 风景","['真的', '值得', '一家', '大小', '好玩', '不想', '走']",性价比,33,1.0,52995,2
A33,2017-11-10,非常适合亲子游，值得推荐，不错，有游乐园适合孩子玩，有各种花卉适合拍照，老人小孩子都适合.适合秋游，天气凉爽，非常不错呀,0.0,0.6186000108718872,"值得, 适合, 环境, 干净, 休闲, 公园, 空气清新, 瀑布, 水, 很漂亮","['非常适合', '亲子', '值得', '推荐', '游乐园', '适合', '花卉', '适合', '拍照', '适合', '适合', '秋游', '天气', '凉爽', '不错呀']",卫生,33,7.0,52996,5
A33,2020-07-30,一般般！不好玩！不建议来玩！,7.0,0.4598000049591064,"环境, 贵, 很好, 没什么, 吃, 东西, 太, 差, 感觉, 风景","['一般般', '不好玩', '建议']",性价比,33,1.5,52997,3
A33,2017-10-20,环境不错，可和小朋友来,7.0,0.5385000109672546,"环境, 贵, 很好, 没什么, 吃, 东西, 太, 差, 感觉, 风景",['环境'],性价比,33,1.5,52998,3
A33,2020-07-08,**景区真的值得一去，大小孩童都玩得不想走，好评,7.0,0.6754000186920166,"环境, 贵, 很好, 没什么, 吃, 东西, 太, 差, 感觉, 风景","['真的', '值得', '大小', '孩童', '不想', '走', '好评']",性价比,33,1.0,52999,2
A33,2020-07-08,小朋友都玩的很开心，性价比不错。,3.0,0.3592000007629394,"走, 高, 性价比, 免费, 太, 坐, 建议, 观音, 开车, 感觉","['开心', '性价比']",性价比,33,1.0,53000,2
A33,2020-03-18,帮朋友预定的。。朋友玩的好开心。。小孩子都很喜欢。。园里春意盈适合春游。机动游戏有大人的刺激游戏，也有小孩玩的娱乐游戏，小孩玩得也不亦乐呼!,10.0,0.4605999886989593,"喜欢, 下次, 漂亮, 朋友, 值得, 去过, 机会, 字, 开心, 风景优美","['帮', '朋友', '预定', '朋友', '好开心', '喜欢', '园里', '春意', '盈', '适合', '春游', '机动', '游戏', '大人', '刺激', '游戏', '娱乐', '游戏', '乐呼']",位置,33,2.0,53001,4
A33,2020-07-02,还可以吧，我现在在外面，，，，，，，,9.0,0.5383999943733215,"山, 爬山, 好多, 希望, 太, 美的, 钱, 水, 骑, 活动",['外面'],设施,33,1.5,53002,3
A33,2020-07-08,小朋友都玩的很开心，性价比不错,3.0,0.3592000007629394,"走, 高, 性价比, 免费, 太, 坐, 建议, 观音, 开车, 感觉","['开心', '性价比']",性价比,33,1.0,53003,2
A33,2020-07-02,油菜花没有了，差评！不过有小朋友还是可以的,7.0,0.692300021648407,"环境, 贵, 很好, 没什么, 吃, 东西, 太, 差, 感觉, 风景","['油菜花', '差', '评']",性价比,33,1.5,53004,3
A33,2020-06-18,花海，水上乐园，机动游戏好适合亲子出游。体力充沛，可以从开园玩到闭园！,0.0,0.2757999897003174,"值得, 适合, 环境, 干净, 休闲, 公园, 空气清新, 瀑布, 水, 很漂亮","['花海', '水上', '乐园', '机动', '游戏', '适合', '亲子', '出游', '体力', '充沛', '开园', '玩到', '闭园']",卫生,33,3.0,53005,5
A33,2020-06-17,值得一家人玩，交通便利，下了高速就到了,0.0,0.3937999904155731,"值得, 适合, 环境, 干净, 休闲, 公园, 空气清新, 瀑布, 水, 很漂亮","['值得', '交通', '便利', '高速']",卫生,33,2.0,53006,4
A33,2020-06-22,很多好玩，大小都适合。玩得甘开心，项目很多。,2.0,0.6237999796867371,"好玩, 开心, 太, 天气, 项目, 特别, 舒服, 夏天, 热, 风景","['好玩', '大小', '适合', '玩得', '甘', '开心', '项目']",设施,33,2.0,53007,4
A33,2020-06-20,大，好玩，小孩喜欢，就是吃不多,2.0,0.3596000075340271,"好玩, 开心, 太, 天气, 项目, 特别, 舒服, 夏天, 热, 风景","['好玩', '喜欢', '吃不多']",设施,33,1.0,53008,2
A33,2020-03-07,美的不要不要的，觉得很值，会推荐,7.0,0.5023999810218811,"环境, 贵, 很好, 没什么, 吃, 东西, 太, 差, 感觉, 风景","['美的', '值', '推荐']",性价比,33,1.0,53009,2
A33,2020-06-11,不错的，又有水玩，又有机动游戏,10.0,0.5110999941825867,"喜欢, 下次, 漂亮, 朋友, 值得, 去过, 机会, 字, 开心, 风景优美","['水', '机动', '游戏']",位置,33,1.5,53010,3
A33,2020-06-11,哈可以，现在越来越好了，一家大小去玩一下还不错,7.0,0.5180000066757202,"环境, 贵, 很好, 没什么, 吃, 东西, 太, 差, 感觉, 风景","['越来越', '一家', '大小']",性价比,33,1.5,53011,3
A33,2020-06-06,很不错，有玩有看有游，孩子玩的特高兴。,2.0,0.5385000109672546,"好玩, 开心, 太, 天气, 项目, 特别, 舒服, 夏天, 热, 风景","['看有', '特']",设施,33,1.5,53012,3
A33,2016-09-13,这里真的是来值了，环境优美到不用说了，还有超级多项目玩，有美丽的鲜花，有小孩的娱乐设施，有机动游戏，有烧烤，有骑马，有游泳，哇，真的是应有尽有，来到真的不想走了，饿了还可以在这里的餐厅吃饭，真的太到位了，我老公说以后每个月都要来玩一次，呵呵呵，爽！,3.0,0.2354000061750412,"走, 高, 性价比, 免费, 太, 坐, 建议, 观音, 开车, 感觉","['真的', '来值', '环境优美', '不用说', '超级', '项目', '美丽', '鲜花', '娱乐', '设施', '机动', '游戏', '烧烤', '骑马', '游泳', '真的', '应有尽有', '来到', '真的', '不想', '走', '饿', '餐厅', '吃饭', '真的', '太', '到位', '老公', '月', '爽']",性价比,33,2.0,53013,4
A33,2020-04-12,门票的价格性价比高，不足的是还有大部分地方未开发。,3.0,0.4963000118732452,"走, 高, 性价比, 免费, 太, 坐, 建议, 观音, 开车, 感觉","['价格', '性价比', '高', '大部分', '未', '开发']",性价比,33,1.0,53014,2
A33,2015-09-04,性价比还可以。只是碰上雨天票不能改期有点扫兴。园内绿化很多，但也浪费了不少空地，建议多种点观赏性植物及果树。游戏不算多，但很贵，票上送的游戏币很快就玩完了。小朋友最喜欢喂动物！虽然只要三种，但也很不错，最重要是免费。,11.0,0.24719999730587,"景色, 美, 感觉, 山上, 值得, 中, 优美, 拍, 交通, 少","['性价比', '碰上', '雨天', '改期', '扫兴', '园内', '绿化', '浪费', '空地', '建议', '多种', '观赏性', '植物', '果树', '游戏', '不算', '很贵', '上送', '游戏币', '很快', '玩完', '喜欢', '动物', '三种', '免费']",位置,33,1.0,53015,2
A33,2017-10-03,很适合亲子游，有水玩有机动游戏，还可以免费喂动物，虽然动物就那几只，就是大晒了，该多种些遮阳的树，很多空地，再开发做不同目应该生意更好！,0.0,0.2587999999523163,"值得, 适合, 环境, 干净, 休闲, 公园, 空气清新, 瀑布, 水, 很漂亮","['适合', '亲子', '水', '机动', '游戏', '免费', '动物', '动物', '几只', '晒', '多种', '遮阳', '树', '空地', '开发', '做', '目', '生意', '更好']",卫生,33,3.0,53016,5
A33,2017-02-01,网上订票非常好取票很方便，很多机动游戏都是免费排队玩，下次还会去！,10.0,0.440200001001358,"喜欢, 下次, 漂亮, 朋友, 值得, 去过, 机会, 字, 开心, 风景优美","['网上', '机动', '游戏', '免费', '排队', '下次']",位置,33,1.0,53017,2
A33,2020-04-13,花田很美，机动游戏几乎全免费，,10.0,0.5023000240325928,"喜欢, 下次, 漂亮, 朋友, 值得, 去过, 机会, 字, 开心, 风景优美","['花田', '很美', '机动', '游戏', '全免费']",位置,33,1.5,53018,3
A33,2020-05-28,棒棒哒，机动游戏全部免费，又有花看，又有水上乐园玩,10.0,0.442900002002716,"喜欢, 下次, 漂亮, 朋友, 值得, 去过, 机会, 字, 开心, 风景优美","['棒棒', '哒', '机动', '游戏', '免费', '花', '水上', '乐园']",位置,33,2.0,53019,4
A33,2020-05-27,第一次去，感觉还不错。一天都在玩机动游戏。其实还好，很多机动游戏都是免费的。,10.0,0.6589999794960022,"喜欢, 下次, 漂亮, 朋友, 值得, 去过, 机会, 字, 开心, 风景优美","['第一次', '感觉', '机动', '游戏', '还好', '机动', '游戏', '免费']",位置,33,1.0,53020,2
A33,2017-03-15,来这里已经是第二次了，是幼儿园组织的小朋友春游，这个季节到来，花都全开了，很漂亮，很多油菜花，还有其他各色各样的花，例如薰衣草。机动游戏也是免费任玩，似乎在佛山其他游乐区或者广州的游乐区都是第一家。里面的餐馆吃饭，也不算非常贵，但是当天去到绿岛旅游团包餐，非常多，人几乎找不到坐的位置,3.0,0.2639000117778778,"走, 高, 性价比, 免费, 太, 坐, 建议, 观音, 开车, 感觉","['第二次', '幼儿园', '组织', '春游', '季节', '到来', '花都', '全开', '很漂亮', '油菜花', '各色各样', '花', '薰衣草', '机动', '游戏', '免费', '佛山', '游乐区', '广州', '游乐区', '第一家', '餐馆', '吃饭', '不算', '贵', '当天', '绿岛', '旅游团', '包餐', '找', '不到', '坐', '位置']",性价比,33,0.0,53021,1
A33,2020-05-27,天气炎热，但是还是不错的，玩得开心。还是很多地方需要完善的。,8.0,0.3589999973773956,"空气, 设施, 可惜, 完善, 还行, 游乐, 有意思, 老板, 负离子, 商业","['天气炎热', '开心', '完善']",设施,33,1.0,53022,2
A33,2020-05-26,国家级4A生态景区，位置好找，停车方便。,5.0,0.4675999879837036,"温泉, 服务, 服务态度, 满意, 泡温泉, 热情, 家人, 工作人员, 方便快捷, 态度","['国家级', '生态', '位置', '好找', '停车']",服务,33,1.5,53023,3
A33,2020-05-15,仃车之便，门票有点小贵，机动游戏好玩但太多人了,2.0,0.2966000139713287,"好玩, 开心, 太, 天气, 项目, 特别, 舒服, 夏天, 热, 风景","['车', '小贵', '机动', '游戏', '好玩', '太']",设施,33,1.5,53024,3
A33,2020-05-16,刺激的机动游戏还有一片油菜花、樱花,10.0,0.5637000203132629,"喜欢, 下次, 漂亮, 朋友, 值得, 去过, 机会, 字, 开心, 风景优美","['刺激', '机动', '游戏', '油菜花', '樱花']",位置,33,-1.0,53025,1
A33,2020-05-24,园里的游乐设施挺好的，一家大小旅游胜地，不错,7.0,0.5220999717712402,"环境, 贵, 很好, 没什么, 吃, 东西, 太, 差, 感觉, 风景","['园里', '游乐', '设施', '一家', '大小', '旅游胜地']",性价比,33,1.5,53026,3
A33,2020-05-09,刺激好玩，项目多，节目多！环境优美，,2.0,0.5073000192642212,"好玩, 开心, 太, 天气, 项目, 特别, 舒服, 夏天, 热, 风景","['刺激', '好玩', '项目', '节目', '环境优美']",设施,33,-1.0,53027,1
A33,2020-05-24,还不错吧，适合一家大小，但是那天下大雨，水浸,7.0,0.510699987411499,"环境, 贵, 很好, 没什么, 吃, 东西, 太, 差, 感觉, 风景","['适合', '一家', '大小', '天下', '大雨', '水浸']",性价比,33,0.0,53028,1
A33,2020-05-04,总体较好，下次再来。环境空气较好。,10.0,0.692300021648407,"喜欢, 下次, 漂亮, 朋友, 值得, 去过, 机会, 字, 开心, 风景优美","['总体', '下次', '环境空气']",位置,33,1.5,53029,3
A33,2020-05-03,就是停车太位是树林，都是土路，停车是要小心点，遇上下雨，就怕出不来。,7.0,0.5338000059127808,"环境, 贵, 很好, 没什么, 吃, 东西, 太, 差, 感觉, 风景","['停车', '太位', '树林', '土路', '停车', '小心', '遇上', '下雨', '出不来']",性价比,33,1.0,53030,2
A33,2020-05-02,高明**景区位于广东省佛山市荷城街道西安冼村，是集农业观光、生态旅游、山水娱乐为一体的生态园。,0.0,0.6743999719619751,"值得, 适合, 环境, 干净, 休闲, 公园, 空气清新, 瀑布, 水, 很漂亮","['高明', '位于', '广东省', '佛山市', '荷城', '街道', '西安', '冼村', '集', '农业', '观光', '生态旅游', '山水', '娱乐', '一体', '生态园']",卫生,33,1.0,53031,2
A33,2020-04-29,挺大挺多东西看的，适合一家大小去游玩,7.0,0.8154000043869019,"环境, 贵, 很好, 没什么, 吃, 东西, 太, 差, 感觉, 风景","['东西', '适合', '一家', '大小']",性价比,33,0.0,53032,1
A33,2020-05-01,可以家里有人给我介绍一个小时机会都没有啊你,6.0,0.4154999852180481,"上山, 广东, 导游, 山顶, 时, 走, 到达, 两个, 下午, 坐","['家里', '有人', '介绍', '机会']",服务,33,1.0,53033,2
A33,2020-04-05,带老人去是个不错的选择，不过不要赶巧遇到学生春游,4.0,0.7692000269889832,"便宜, 价格, 优惠, 网上, 现场, 不用, 实惠, 排队, 购票, 订","['选择', '赶巧', '学生', '春游']",性价比,33,1.5,53034,3
A33,2016-10-03,2号过去，不算拥挤，就是停车好多人！进去里面就逛，拍照也不错！有小孩的去玩机动游戏，也可以去游泳池，游泳池还有真的挺多又清水o！吃饭的话有粉也有面，消费也就觉得是在自己商场吃饭差不多！就是要吃烤羊的要带着1800吧！可能还要预约，一大家人去吃烤羊比较划算吧！停车是免费的，停车地方挺多的。,7.0,0.3804999887943268,"环境, 贵, 很好, 没什么, 吃, 东西, 太, 差, 感觉, 风景","['号', '不算', '拥挤', '停车', '好多', '逛', '拍照', '机动', '游戏', '游泳池', '游泳池', '真的', '清水', '吃饭', '粉', '面', '消费', '商场', '吃饭', '吃', '烤羊', '预约', '吃', '烤羊', '划算', '停车', '免费', '停车']",性价比,33,0.0,53035,1
A33,2020-04-16,好玩，很不错的地方。推荐大家去玩,2.0,0.692300021648407,"好玩, 开心, 太, 天气, 项目, 特别, 舒服, 夏天, 热, 风景","['好玩', '推荐']",设施,33,1.0,53036,2
A33,2020-04-17,值得一家大小游玩的地方，几个家庭相约一齐煮饭挺有意思的,7.0,0.4192000031471252,"环境, 贵, 很好, 没什么, 吃, 东西, 太, 差, 感觉, 风景","['值得', '一家', '大小', '几个', '家庭', '相约', '一齐', '煮饭', '有意思']",性价比,33,1.0,53037,2
A33,2020-04-05,春天花很漂亮，适合一家人一起去。,0.0,0.5284000039100647,"值得, 适合, 环境, 干净, 休闲, 公园, 空气清新, 瀑布, 水, 很漂亮","['春天', '花', '很漂亮', '适合']",卫生,33,1.0,53038,2
A33,2020-04-04,很好，比现场买划算，这个园很大很好玩,4.0,0.4476000070571899,"便宜, 价格, 优惠, 网上, 现场, 不用, 实惠, 排队, 购票, 订","['现场', '划算', '园', '很大', '好玩']",性价比,33,1.5,53039,3
A33,2020-04-01,总体可以，就是游览路线指示牌要完善一下。,3.0,0.6794999837875366,"走, 高, 性价比, 免费, 太, 坐, 建议, 观音, 开车, 感觉","['总体', '游览', '路线', '指示牌', '完善']",性价比,33,1.5,53040,3
A33,2020-03-18,第二次去了，花挺漂亮，舒服，机动游戏娃儿喜欢,10.0,0.7562999725341797,"喜欢, 下次, 漂亮, 朋友, 值得, 去过, 机会, 字, 开心, 风景优美","['第二次', '花挺', '漂亮', '舒服', '机动', '游戏', '娃儿', '喜欢']",位置,33,3.0,53041,5
A33,2020-04-03,感觉还可以，票价偏高。地理位置不错,7.0,0.8154000043869019,"环境, 贵, 很好, 没什么, 吃, 东西, 太, 差, 感觉, 风景","['感觉', '票价', '偏', '高', '地理位置']",性价比,33,1.5,53042,3
A33,2017-01-30,整体的环境不错，新年刚好是油菜花田，薰衣草，还有一片片的花海。一天的时间，慢走拍照，还有适合一家老小的游乐设施！夏天来还有水上活动！,0.0,0.3986000120639801,"值得, 适合, 环境, 干净, 休闲, 公园, 空气清新, 瀑布, 水, 很漂亮","['整体', '环境', '新年', '油菜花', '田', '薰衣草', '一片片', '的花海', '慢走', '拍照', '适合', '一家老小', '游乐', '设施', '夏天', '水上', '活动']",卫生,33,1.0,53043,2
A33,2020-01-19,景的得优美，很有田园感。设施很多，一票玩到底，不用再给钱，反正性价比超高，值得带家人和女朋友来玩！,4.0,0.2486000061035156,"便宜, 价格, 优惠, 网上, 现场, 不用, 实惠, 排队, 购票, 订","['优美', '田园', '感', '设施', '一票', '不用', '给钱', '反正', '性价比', '超高', '值得', '家人', '女朋友']",性价比,33,2.0,53044,4
A33,2020-03-07,这里值得一去游玩，有很多机动游戏，拓展训练的项目，小孩可以玩得很开心，也有很多鲜花，美极了……,10.0,0.4711999893188476,"喜欢, 下次, 漂亮, 朋友, 值得, 去过, 机会, 字, 开心, 风景优美","['值得', '机动', '游戏', '拓展', '训练', '项目', '开心', '鲜花', '美极了']",位置,33,3.0,53045,5
A33,2020-03-11,好想再去多次，可以去烧烤不错啊！,6.0,0.5385000109672546,"上山, 广东, 导游, 山顶, 时, 走, 到达, 两个, 下午, 坐","['想', '烧烤']",服务,33,1.5,53046,3
A33,2020-03-11,很不错的体验，有机会我们将会再去一次！,10.0,0.692300021648407,"喜欢, 下次, 漂亮, 朋友, 值得, 去过, 机会, 字, 开心, 风景优美","['体验', '机会']",位置,33,1.0,53047,2
A33,2017-05-16,带娃性价比好高，进去之后机动游戏随便玩，小孩子好开心！吃饭的地方比较少，但是玉米超级好吃！花蛮多的，很漂亮。有一点点小动物看，不过很臭,7.0,0.4093999862670898,"环境, 贵, 很好, 没什么, 吃, 东西, 太, 差, 感觉, 风景","['娃', '性价比', '高', '机动', '游戏', '随便', '好开心', '吃饭', '少', '玉米', '超级', '好吃', '花蛮', '很漂亮', '一点点', '动物']",性价比,33,-1.0,53048,1
A33,2017-10-08,虽然位置有点偏远，但对国庆自驾出游来说是挺好的选择。里面有生态园、机动游乐场、水上世界多个板块，细路仔真的是玩足一日。,0.0,0.6739000082015991,"值得, 适合, 环境, 干净, 休闲, 公园, 空气清新, 瀑布, 水, 很漂亮","['位置', '偏远', '国庆', '自驾', '出游', '选择', '生态园', '机动', '游乐场', '水上', '世界', '多个', '板块', '细路', '仔', '真的', '玩足', '一日']",卫生,33,1.5,53049,3
A33,2020-01-07,**景区的波机炮真的太好玩啦,2.0,0.7692999839782715,"好玩, 开心, 太, 天气, 项目, 特别, 舒服, 夏天, 热, 风景","['波', '机炮', '真的', '太', '好玩']",设施,33,1.5,53050,3
A33,2017-01-31,第一次去玩，进园有浓浓的年味，田园味，这回是过年的时间去还好交通方便，下高速就到，好玩下回还去，带家人朋友一起去更好玩，,2.0,0.3450999855995178,"好玩, 开心, 太, 天气, 项目, 特别, 舒服, 夏天, 热, 风景","['第一次', '进园', '浓浓的', '年', '味', '田园', '味', '这回', '过年', '还好', '交通', '高速', '好玩', '下回', '家人', '朋友', '好玩']",设施,33,1.5,53051,3
A33,2017-06-25,全五星 真的很好 在这里去也不远 上个高速一下子就下了 就一百块不到的门票 里面的设施任玩 除了一些卡丁车另外买票 其他的机动游戏都是任玩的 吃的话比较少 能吃饱就好了我觉得 主要是进来玩的 还有环境好美 好多花花草草 适合拍照装逼的。真心好评！,0.0,0.240799993276596,"值得, 适合, 环境, 干净, 休闲, 公园, 空气清新, 瀑布, 水, 很漂亮","['全', '五星', '真的', '很好', '不远', '高速', '一下子', '就下', '一百块', '不到', '设施', '卡丁车', '机动', '游戏', '吃', '少', '吃饱', '环境', '美好', '花花草草', '适合', '拍照', '装逼', '真心', '好评']",卫生,33,1.0,53052,2
A33,2017-11-25,园区建设风景一流，设施齐全，停车方便。,0.0,0.4674000144004822,"值得, 适合, 环境, 干净, 休闲, 公园, 空气清新, 瀑布, 水, 很漂亮","['园区', '建设', '风景', '一流', '设施', '齐全', '停车']",卫生,33,2.0,53053,4
A33,2017-11-14,小学生秋游，很是开心。机动游戏多，花草又漂亮。,10.0,0.5820000171661377,"喜欢, 下次, 漂亮, 朋友, 值得, 去过, 机会, 字, 开心, 风景优美","['小学生', '秋游', '开心', '机动', '游戏', '花草', '漂亮']",位置,33,2.0,53054,4
A33,2017-11-18,"还是自己开车过来会比较方便,自然",3.0,0.3589999973773956,"走, 高, 性价比, 免费, 太, 坐, 建议, 观音, 开车, 感觉","['开车', '自然']",性价比,33,1.0,53055,2
A33,2017-06-19,环境不错，综合性价比高，值得去游玩。,0.0,0.4828000068664551,"值得, 适合, 环境, 干净, 休闲, 公园, 空气清新, 瀑布, 水, 很漂亮","['环境', '综合性', '价比高', '值得']",卫生,33,1.0,53056,2
A33,2017-11-16,好好玩，风景美，适合一家老小一起游玩的一个地方,0.0,0.3355999886989593,"值得, 适合, 环境, 干净, 休闲, 公园, 空气清新, 瀑布, 水, 很漂亮","['好玩', '风景', '美', '适合', '一家老小']",卫生,33,1.0,53057,2
A33,2017-08-02,去年过年一家子去的，都是大人去，票价不便宜，里面花海漂亮，园区挺大的，有机动游戏玩，适合小孩，也有森林表演，九寨水城，其实感觉适合亲子游，都是大人去就没什么适合玩的，就游行逛逛。,0.0,0.2723000049591064,"值得, 适合, 环境, 干净, 休闲, 公园, 空气清新, 瀑布, 水, 很漂亮","['去年', '过年', '一家子', '大人', '票价', '便宜', '花海', '漂亮', '园区', '挺大', '机动', '游戏', '适合', '森林', '表演', '九寨', '水城', '感觉', '适合', '亲子', '大人', '没什么', '适合', '游行', '逛逛']",卫生,33,5.0,53058,5
A33,2017-10-17,值得一去，里面好大，空气清新……,0.0,0.692300021648407,"值得, 适合, 环境, 干净, 休闲, 公园, 空气清新, 瀑布, 水, 很漂亮","['值得', '空气清新']",卫生,33,1.0,53059,2
A33,2016-08-23,田园，电玩，游泳。亲子游玩，大多人冲着玩水而去的。电玩二十个左右吧，还可以，适合大部分小朋友玩，要是田园里多点兔子等动物就好了。,9.0,0.3264000117778778,"山, 爬山, 好多, 希望, 太, 美的, 钱, 水, 骑, 活动","['田园', '电玩', '游泳', '亲子', '冲着', '玩水', '电玩', '二十个', '适合', '大部分', '田园', '多点', '兔子', '动物']",设施,33,1.0,53060,2
A33,2017-02-01,还是一个不错，值得去游玩的地方,0.0,0.5385000109672546,"值得, 适合, 环境, 干净, 休闲, 公园, 空气清新, 瀑布, 水, 很漂亮",['值得'],卫生,33,1.0,53061,2
A33,2017-10-08,2017108在**景区游水后丢失证件石磊，捡到请联系1582****216。,3.0,0.5192999839782715,"走, 高, 性价比, 免费, 太, 坐, 建议, 观音, 开车, 感觉","['游水', '丢失', '证件', '石磊', '捡', '请']",性价比,33,-1.0,53062,1
A33,2016-10-02,亲子乐园，有游泳，花园，机动游戏。卫生间多，干净。,0.0,0.4623000025749206,"值得, 适合, 环境, 干净, 休闲, 公园, 空气清新, 瀑布, 水, 很漂亮","['亲子', '乐园', '游泳', '花园', '机动', '游戏', '卫生间', '干净']",卫生,33,1.0,53063,2
A33,2017-09-20,里面很美，玩的，吃的，都齐全。,0.0,0.3160000145435333,"值得, 适合, 环境, 干净, 休闲, 公园, 空气清新, 瀑布, 水, 很漂亮","['美', '吃', '齐全']",卫生,33,1.5,53064,3
A33,2017-09-18,大人小孩都很值得去环，很不错！,2.0,0.3774000108242035,"好玩, 开心, 太, 天气, 项目, 特别, 舒服, 夏天, 热, 风景","['大人', '值得', '环']",设施,33,1.0,53065,2
A33,2017-08-08,第二次来了，超级喜欢。,10.0,0.7692000269889832,"喜欢, 下次, 漂亮, 朋友, 值得, 去过, 机会, 字, 开心, 风景优美","['第二次', '超级', '喜欢']",位置,33,1.0,53066,2
A33,2017-05-30,好剌极，好玩，好看，嘿嘿      你有机会一起去玩啊，不过吃饭贵左点啊,7.0,0.3639000058174133,"环境, 贵, 很好, 没什么, 吃, 东西, 太, 差, 感觉, 风景","['剌', '好玩', '好看', '机会', '吃饭', '贵', '左点']",性价比,33,1.0,53067,2
A33,2017-09-03,景色很好，尤其油菜花开的季节更值得一看,2.0,0.3269999921321869,"好玩, 开心, 太, 天气, 项目, 特别, 舒服, 夏天, 热, 风景","['景色', '油菜花', '开', '季节', '值得一看']",设施,33,1.5,53068,3
A33,2017-05-24,户外休闲娱乐与体验一体化的旅游基地，里面设施齐全，集生态植物观赏、水上乐园、机动游戏等，交通位置也非常方便，是一个不错的休闲旅游好地方,0.0,0.6165000200271606,"值得, 适合, 环境, 干净, 休闲, 公园, 空气清新, 瀑布, 水, 很漂亮","['户外', '休闲', '娱乐', '体验', '一体化', '基地', '设施', '齐全', '集', '生态', '植物', '观赏', '水上', '乐园', '机动', '游戏', '交通', '位置', '休闲']",卫生,33,2.0,53069,4
A33,2017-05-04,很好玩，刚刚水上乐园开了，忘记带泳衣了，现场买很贵要30+，不过还好啦。满意，一家人玩得很开心。,2.0,0.503000020980835,"好玩, 开心, 太, 天气, 项目, 特别, 舒服, 夏天, 热, 风景","['好玩', '刚刚', '水上', '乐园', '开', '忘记', '泳衣', '现场', '很贵', '还好', '满意', '开心']",设施,33,2.0,53070,4
A33,2017-08-25,国家级4A景区，集吃、住、玩于一体旅游景点。,0.0,0.8154000043869019,"值得, 适合, 环境, 干净, 休闲, 公园, 空气清新, 瀑布, 水, 很漂亮","['国家级', '集吃', '住', '玩于', '一体', '旅游景点']",卫生,33,1.5,53071,3
A33,2017-08-22,适合一家三口的，不过现在很多机动游戏有身高的限制了,10.0,0.5473999977111816,"喜欢, 下次, 漂亮, 朋友, 值得, 去过, 机会, 字, 开心, 风景优美","['适合', '一家', '三口', '机动', '游戏', '身高']",位置,33,1.0,53072,2
A33,2017-08-17,小朋友特喜欢，机动游戏多。成人也不闷，景色不错。,10.0,0.4309000074863434,"喜欢, 下次, 漂亮, 朋友, 值得, 去过, 机会, 字, 开心, 风景优美","['特', '喜欢', '机动', '游戏', '成人', '不闷', '景色']",位置,33,1.0,53073,2
A33,2017-08-20,好玩，亲子乐，有小孩的机动游戏，有大人家的花海浪漫。,10.0,0.3705999851226806,"喜欢, 下次, 漂亮, 朋友, 值得, 去过, 机会, 字, 开心, 风景优美","['好玩', '亲子', '乐', '机动', '游戏', '有大', '的花海', '浪漫']",位置,33,1.0,53074,2
A33,2017-08-14,适合带小孩子去玩，可玩项目也很多,7.0,0.324099987745285,"环境, 贵, 很好, 没什么, 吃, 东西, 太, 差, 感觉, 风景","['适合', '可玩', '项目']",性价比,33,1.0,53075,2
A33,2016-10-16,今天去，花的品种不多，没什么好看，这个时候来，门票70元不太值。餐厅的濑粉没外面的好吃，粉不是现做的，难吃，因油太多，好腻了，口感差。,7.0,0.5440000295639038,"环境, 贵, 很好, 没什么, 吃, 东西, 太, 差, 感觉, 风景","['花', '品种', '没什么', '好看', '不太值', '餐厅', '濑粉', '外面', '好吃', '粉', '现', '做', '难吃', '因油', '太', '腻', '口感', '差']",性价比,33,1.0,53076,2
A33,2017-07-30,很大很大的公园，玩了一整天，还有水上乐园,0.0,0.4984000027179718,"值得, 适合, 环境, 干净, 休闲, 公园, 空气清新, 瀑布, 水, 很漂亮","['很大', '很大', '公园', '一整天', '水上', '乐园']",卫生,33,1.0,53077,2
A33,2017-08-05,除了机动游戏和水上乐园，没有什么好玩的。一片荒芜。,2.0,0.5738000273704529,"好玩, 开心, 太, 天气, 项目, 特别, 舒服, 夏天, 热, 风景","['机动', '游戏', '水上', '乐园', '好玩', '荒芜']",设施,33,0.0,53078,1
A33,2016-10-02,很好！性价比很高！有游泳的，有机动游戏，有花海，里面有餐厅可供吃饭！在景点区里吃，也不算太贵。玩得挺开心。一家人去玩还是很好的。,7.0,0.5773000121116638,"环境, 贵, 很好, 没什么, 吃, 东西, 太, 差, 感觉, 风景","['性价比', '高', '游泳', '机动', '游戏', '花海', '餐厅', '供', '吃饭', '区里', '吃', '不算', '太贵', '开心', '很好']",性价比,33,1.0,53079,2
A33,2016-12-30,来了**景区，才发现佛山很多地方，价格都是比较便宜，性价比也是比较高的，这里面有很多儿童游乐设施免费游玩，在广州很多公园是要收费的，另外，**景区里面就餐也不昂贵。,3.0,0.4487000107765198,"走, 高, 性价比, 免费, 太, 坐, 建议, 观音, 开车, 感觉","['发现', '佛山', '价格', '便宜', '性价比', '高', '儿童', '游乐', '设施', '免费', '广州', '公园', '收费', '就餐', '昂贵']",性价比,33,1.0,53080,2
A33,2017-05-31,还可以，儿童和老人也适合去游玩。,0.0,0.692300021648407,"值得, 适合, 环境, 干净, 休闲, 公园, 空气清新, 瀑布, 水, 很漂亮","['儿童', '适合']",卫生,33,1.0,53081,2
A33,2016-09-17,78蚊门票，入园后除机动游戏全部免费，游水区很大,0.0,0.4970000088214874,"值得, 适合, 环境, 干净, 休闲, 公园, 空气清新, 瀑布, 水, 很漂亮","['蚊', '入园', '机动', '游戏', '免费', '游水', '区', '很大']",卫生,33,1.0,53082,2
A33,2016-10-02,亲子乐，有小孩的机动游戏，有大人家的花海浪漫。,10.0,0.4314999878406524,"喜欢, 下次, 漂亮, 朋友, 值得, 去过, 机会, 字, 开心, 风景优美","['亲子', '乐', '机动', '游戏', '有大', '的花海', '浪漫']",位置,33,1.0,53083,2
A33,2017-07-05,好正点，值得去一次玩耍，在周边最好的选择。,0.0,0.5679000020027161,"值得, 适合, 环境, 干净, 休闲, 公园, 空气清新, 瀑布, 水, 很漂亮","['正点', '值得', '玩耍', '周边', '选择']",卫生,33,1.0,53084,2
A33,2016-12-20,第一次来感觉很不错，回来和朋友交流，他们来过的都说很好，非常超值，适合小朋友，可以让小朋友疯玩一天。里面可以接触到动物植物，还有拓展训练，另外机动游戏也非常好玩,10.0,0.3808000087738037,"喜欢, 下次, 漂亮, 朋友, 值得, 去过, 机会, 字, 开心, 风景优美","['第一次', '感觉', '回来', '朋友', '交流', '超值', '适合', '疯玩', '接触', '动物', '植物', '拓展', '训练', '机动', '游戏', '好玩']",位置,33,2.0,53085,4
A33,2016-12-23,一直都觉得很好的游乐园，性价比非常高，带小朋友来玩可以有科普知识，有拓展训练，有机动游戏，有烧烤，里面的午餐也价格比较合理。,3.0,0.2578999996185303,"走, 高, 性价比, 免费, 太, 坐, 建议, 观音, 开车, 感觉","['很好', '游乐园', '性价比', '高', '科普知识', '拓展', '训练', '机动', '游戏', '烧烤', '午餐', '价格']",性价比,33,1.0,53086,2
A33,2016-12-17,园区很大，有二十几种机动游戏免费游玩，有动物观看。中午就餐价格还比较过得去。可能春天来花开的比较多。但感觉机动游戏任意游玩都值回票价了。小朋友还第一次尝试了骑马。,10.0,0.3158000111579895,"喜欢, 下次, 漂亮, 朋友, 值得, 去过, 机会, 字, 开心, 风景优美","['园区', '很大', '二十', '几种', '机动', '游戏', '免费', '动物', '观看', '中午', '就餐', '价格', '过得去', '春天', '花开', '感觉', '机动', '游戏', '任意', '值回', '票价', '第一次', '尝试', '骑马']",位置,33,-1.0,53087,1
A33,2017-06-26,人挺多，景区挺大，分流可以。机动游戏适合小孩子，机器维护差一点，格机格机响的。,5.0,0.3533999919891357,"温泉, 服务, 服务态度, 满意, 泡温泉, 热情, 家人, 工作人员, 方便快捷, 态度","['分流', '机动', '游戏', '适合', '机器', '维护', '格', '机格', '机响']",服务,33,1.0,53088,2
A33,2017-07-01,交通便利，广明高速出口很近，周末度假不错,0.0,0.4081000089645386,"值得, 适合, 环境, 干净, 休闲, 公园, 空气清新, 瀑布, 水, 很漂亮","['交通', '便利', '广明', '高速', '出口', '周末', '度假']",卫生,33,1.0,53089,2
A33,2016-02-18,刚刚是油菜花节开幕，气氛很好，而且景色很好，小孩子很喜欢机动游戏，也有米和番薯送，非常不错，吃方面有高明濑粉，较高级的有烤羊等，真心觉得环境不错，值得游玩一下,10.0,0.4426999986171722,"喜欢, 下次, 漂亮, 朋友, 值得, 去过, 机会, 字, 开心, 风景优美","['刚刚', '油菜花', '节', '开幕', '气氛', '景色', '喜欢', '机动', '游戏', '米', '番薯', '送', '吃', '高明', '濑粉', '较高级', '烤羊', '真心', '环境', '值得']",位置,33,2.0,53090,4
A33,2016-12-05,很不错，价格不贵，孩子可以玩足一天,7.0,0.692300021648407,"环境, 贵, 很好, 没什么, 吃, 东西, 太, 差, 感觉, 风景","['价格', '贵', '玩足']",性价比,33,1.5,53091,3
A33,2016-02-20,太漂亮了。徜徉在花海里对我们平时压力得到了释放,2.0,0.5037000179290771,"好玩, 开心, 太, 天气, 项目, 特别, 舒服, 夏天, 热, 风景","['太漂亮', '徜徉', '花', '海里', '平时', '压力', '释放']",设施,33,-1.0,53092,1
A33,2017-05-29,我们来的时候正好是油菜花盛开，一大片呢，非常的美。,9.0,0.3591000139713287,"山, 爬山, 好多, 希望, 太, 美的, 钱, 水, 骑, 活动","['正好', '油菜花', '盛开', '大片', '美']",设施,33,1.5,53093,3
A33,2015-06-23,玩得还算可以，不过就是天公不作美。一进园区就落雨，园区内措施还不是很完善。去游泳不用带水泡了，有很多免费的,3.0,0.2755999863147735,"走, 高, 性价比, 免费, 太, 坐, 建议, 观音, 开车, 感觉","['算', '天公不作美', '进', '园区', '落雨', '园区', '措施', '完善', '游泳', '不用', '水泡', '免费']",性价比,33,1.0,53094,2
A33,2017-04-09,带小孩去很合适！景色很美！值得去玩！,11.0,0.5909000039100647,"景色, 美, 感觉, 山上, 值得, 中, 优美, 拍, 交通, 少","['合适', '景色', '美', '值得']",位置,33,2.0,53095,4
A33,2017-05-24,国家级4A景区，集吃、住、玩于一体景区。,0.0,0.7692000269889832,"值得, 适合, 环境, 干净, 休闲, 公园, 空气清新, 瀑布, 水, 很漂亮","['国家级', '集吃', '住', '玩于', '一体']",卫生,33,1.5,53096,3
A33,2017-04-16,小朋友非常喜欢。值得一去。,10.0,0.692300021648407,"喜欢, 下次, 漂亮, 朋友, 值得, 去过, 机会, 字, 开心, 风景优美","['喜欢', '值得']",位置,33,2.0,53097,4
A33,2017-05-23,国家级4A景区，景区集吃、住、玩于一体。,0.0,0.7692000269889832,"值得, 适合, 环境, 干净, 休闲, 公园, 空气清新, 瀑布, 水, 很漂亮","['国家级', '集吃', '住', '玩于', '一体']",卫生,33,1.5,53098,3
A33,2017-05-18,国家级4A景区，景区游乐设施齐全。,0.0,0.4584999978542328,"值得, 适合, 环境, 干净, 休闲, 公园, 空气清新, 瀑布, 水, 很漂亮","['国家级', '游乐', '设施', '齐全']",卫生,33,1.5,53099,3
A33,2017-05-17,国家级4A景区，设施齐全，环境一流。,0.0,0.6656000018119812,"值得, 适合, 环境, 干净, 休闲, 公园, 空气清新, 瀑布, 水, 很漂亮","['国家级', '设施', '齐全', '环境', '一流']",卫生,33,1.0,53100,2
A33,2016-03-02,景色不错，园区也比较大。里面还有农村和机动游戏。个人觉得比较适合小孩春游去玩。特别棒的油菜花大盘菜。好好吃，好像580一盘。可惜太大雨了。照片有点蒙,10.0,0.217299997806549,"喜欢, 下次, 漂亮, 朋友, 值得, 去过, 机会, 字, 开心, 风景优美","['景色', '园区', '农村', '机动', '游戏', '适合', '春游', '特别', '棒', '油菜花', '大盘', '菜', '好吃', '好像', '一盘', '可惜', '太', '大雨', '照片', '蒙']",位置,33,1.0,53101,2
A33,2017-05-14,国家级4A旅游区，集农家乐和机动游戏于一体。,0.0,0.4591000080108642,"值得, 适合, 环境, 干净, 休闲, 公园, 空气清新, 瀑布, 水, 很漂亮","['国家级', '旅游区', '集', '农家乐', '机动', '游戏', '一体']",卫生,33,1.5,53102,3
A33,2017-05-09,真棒，可以玩水，还有我小孩最爱的向日葵,10.0,0.6923999786376953,"喜欢, 下次, 漂亮, 朋友, 值得, 去过, 机会, 字, 开心, 风景优美","['真棒', '玩水', '最爱', '向日葵']",位置,33,1.5,53103,3
A33,2016-07-24,地方不错，高速出口右转便到，不用找，里面环境不错，进去好像回到童年的感觉，早上去先玩机动游戏，下午玩水，值得一去,6.0,0.2714999914169311,"上山, 广东, 导游, 山顶, 时, 走, 到达, 两个, 下午, 坐","['高速', '出口', '右转', '不用', '找', '环境', '好像', '回到', '童年', '感觉', '早上', '先', '机动', '游戏', '下午', '玩水', '值得']",服务,33,1.0,53104,2
A33,2016-03-01,油菜花，薰衣草风景，游乐场大部分免费玩，门票要70元。,3.0,0.4190999865531921,"走, 高, 性价比, 免费, 太, 坐, 建议, 观音, 开车, 感觉","['油菜花', '薰衣草', '风景', '游乐场', '大部分', '免费']",性价比,33,1.0,53105,2
A33,2017-02-21,景区还可以，去玩的时候人不算多,7.0,0.5385000109672546,"环境, 贵, 很好, 没什么, 吃, 东西, 太, 差, 感觉, 风景",['不算'],性价比,33,1.5,53106,3
A33,2017-04-11,还没去过呢，不过看外面还行。风景看起来挺漂亮的。,10.0,0.3483999967575073,"喜欢, 下次, 漂亮, 朋友, 值得, 去过, 机会, 字, 开心, 风景优美","['去过', '外面', '行', '风景', '漂亮']",位置,33,1.0,53107,2
A33,2017-02-05,去过多次了，取票方便，园区很大，适合全家出游。,0.0,0.7457000017166138,"值得, 适合, 环境, 干净, 休闲, 公园, 空气清新, 瀑布, 水, 很漂亮","['去过', '园区', '很大', '适合', '全家', '出游']",卫生,33,1.0,53108,2
A33,2017-03-16,生态园就像是一个游乐园一样，比较休闲，有可以做拓展，也有不少水上运动，还有当地菜也很好吃了,0.0,0.4835000038146972,"值得, 适合, 环境, 干净, 休闲, 公园, 空气清新, 瀑布, 水, 很漂亮","['生态园', '像是', '游乐园', '休闲', '做', '拓展', '水上运动', '菜', '好吃']",卫生,33,1.0,53109,2
A33,2016-12-14,环山而抱，山间淙淙流水，宛如一曲曲娓娓动听、摧人奋进的乐曲；山上绿树成荫，果园花香四溢，果实累累挂枝头。,3.0,0.5187000036239624,"走, 高, 性价比, 免费, 太, 坐, 建议, 观音, 开车, 感觉","['环山', '抱', '山间', '淙淙流水', '宛如', '一曲曲', '娓娓动听', '摧', '奋进', '乐曲', '山上', '绿树成荫', '果园', '花香', '四溢', '果实累累', '挂', '枝头']",性价比,33,1.0,53110,2
A33,2016-08-22,有很多的花，植物，景色挺好的，适合一家人游玩，拍照。分了三个部分，机动游戏，水上游戏，田园景色。机动游戏人很多，排队要早。水上游戏注意安全。建议去山上，有动物和草迷宫。山上还有草坪和座椅，是野餐的好地方。整个生态园挺大。有很多杂货店，店里的零食很贵，建议自带。纪念品很多，买外面少见的。有小动物，最好不要买，没有经验养不活，既是浪费钱，耗费时间精力，也是对它们的生命不负责。,11.0,0.1806000024080276,"景色, 美, 感觉, 山上, 值得, 中, 优美, 拍, 交通, 少","['花', '植物', '景色', '适合', '拍照', '三个', '机动', '游戏', '水上', '游戏', '田园', '景色', '机动', '游戏', '排队', '早', '水上', '游戏', '注意安全', '建议', '山上', '动物', '草', '迷宫', '山上', '草坪', '座椅', '野餐', '生态园', '杂货店', '店里', '零食', '贵', '建议', '自带', '纪念品', '外面', '少见', '动物', '经验', '养不活', '浪费', '钱', '耗费', '精力', '生命', '负责']",位置,33,2.0,53111,4
A33,2015-08-23,买票超方便的感觉棒棒哒！！！,10.0,0.8154000043869019,"喜欢, 下次, 漂亮, 朋友, 值得, 去过, 机会, 字, 开心, 风景优美","['超', '感觉', '棒棒', '哒']",位置,33,1.5,53112,3
A33,2016-10-04,拿票方便，里面机动游戏可以，大人小孩都有合适的，免费任玩，里面消费价格也不贵,7.0,0.37950000166893,"环境, 贵, 很好, 没什么, 吃, 东西, 太, 差, 感觉, 风景","['拿票', '机动', '游戏', '大人', '合适', '免费', '消费', '价格', '不贵']",性价比,33,2.0,53113,4
A33,2017-03-02,很不错哦，不愧是生态园，一片生机勃勃,0.0,0.5385000109672546,"值得, 适合, 环境, 干净, 休闲, 公园, 空气清新, 瀑布, 水, 很漂亮","['不愧', '生态园', '生机勃勃']",卫生,33,1.5,53114,3
A33,2017-03-04,景色不错，很多花，很多亲子团。,11.0,0.413100004196167,"景色, 美, 感觉, 山上, 值得, 中, 优美, 拍, 交通, 少","['景色', '花', '亲子', '团']",位置,33,1.5,53115,3
A33,2016-11-07,这个景点非常非常好！有趣！性价比高！！！值得去玩！里边蛮大的，分几个区域，有年轻人和小朋友玩的，每年春天花开的时候都回去玩。喜欢！,3.0,0.3986999988555908,"走, 高, 性价比, 免费, 太, 坐, 建议, 观音, 开车, 感觉","['有趣', '性价比', '高', '值得', '里边', '蛮大', '几个', '区域', '年轻人', '春天', '花开', '回去', '喜欢']",性价比,33,3.0,53116,5
A33,2017-02-16,园区很大，有很多花可欣赏，也有机动游戏玩,12.0,0.5131000280380249,"动物, 爬, 岛, 沙滩, 天然, 氧吧, 表演, 广州, 动物园, 种类","['园区', '很大', '花可', '欣赏', '机动', '游戏']",设施,33,1.0,53117,2
A33,2017-02-11,园区内有多种花圃，还有机动游戏。,10.0,0.4083999991416931,"喜欢, 下次, 漂亮, 朋友, 值得, 去过, 机会, 字, 开心, 风景优美","['园区', '多种', '花圃', '机动', '游戏']",位置,33,1.5,53118,3
A33,2015-10-17,这里很好玩啊，周末游不错的选择！！夏天来比较好，我是国庆去的，花开得正好，有向日葵、醉蝶花、禾苗还有一些不知名的小花。夏天来可以到游泳区玩水，付了门票后就不用另外付钱了。还可以去机动游戏区，有一些不算太刺激的游戏。还可以品尝一下美食，不过美食有点贵，还是自带比较划算。,2.0,0.2400999963283538,"好玩, 开心, 太, 天气, 项目, 特别, 舒服, 夏天, 热, 风景","['好玩', '周末', '选择', '夏天', '国庆', '花', '开得', '正好', '向日葵', '醉蝶花', '禾苗', '知名', '小花', '夏天', '游泳', '区', '玩水', '付', '不用', '付钱', '机动', '游戏', '区', '不算', '太', '刺激', '游戏', '品尝', '美食', '美食', '贵', '自带', '划算']",设施,33,-1.0,53119,1
A33,2016-09-23,儿童乐园很大，还有游泳池，菜花开的时候来不错,3.0,0.4882999956607818,"走, 高, 性价比, 免费, 太, 坐, 建议, 观音, 开车, 感觉","['儿童乐园', '很大', '游泳池', '菜花', '开']",性价比,33,1.5,53120,3
A33,2016-03-19,我们公司三八节去了这个地方，到了后才发现，这里其实是小孩子的游乐场，还有科普园地，最合适小学生的春游活动。,12.0,0.3837000131607055,"动物, 爬, 岛, 沙滩, 天然, 氧吧, 表演, 广州, 动物园, 种类","['公司', '三八节', '后才', '发现', '游乐场', '科普', '园地', '最合适', '小学生', '春游', '活动']",设施,33,1.5,53121,3
A33,2016-05-01,总体非常不错，吃喝玩乐样样齐！儿童游乐设施挺让小朋友喜欢的。游水的地方要是大地更好,7.0,0.3366999924182892,"环境, 贵, 很好, 没什么, 吃, 东西, 太, 差, 感觉, 风景","['总体', '吃喝玩乐', '样样', '儿童', '游乐', '设施', '喜欢', '游水', '大地', '更好']",性价比,33,1.0,53122,2
A33,2016-02-15,环境优美，游玩老少皆宜，唯一令我唔满意噶系搭车唔方便，上次出景点门口等巴士等几个钟都唔见有，超呕血！最后搭滴野鸡车出高明车站咯。,3.0,0.1958999931812286,"走, 高, 性价比, 免费, 太, 坐, 建议, 观音, 开车, 感觉","['环境优美', '老少皆宜', '唯一', '令', '唔', '满意', '噶系', '搭车', '唔', '上次', '门口', '巴士', '几个', '钟', '唔', '超', '呕血', '搭', '滴', '野鸡车', '高明', '车站', '咯']",性价比,33,1.0,53123,2
A33,2016-12-09,里面风景奇特，很漂亮，比较喜欢,0.0,0.2709999978542328,"值得, 适合, 环境, 干净, 休闲, 公园, 空气清新, 瀑布, 水, 很漂亮","['风景', '奇特', '很漂亮', '喜欢']",卫生,33,1.0,53124,2
A33,2016-11-06,环境可以，吃饭地方少，,7.0,0.7692000269889832,"环境, 贵, 很好, 没什么, 吃, 东西, 太, 差, 感觉, 风景","['环境', '吃饭', '少']",性价比,33,1.5,53125,3
A33,2016-12-16,高明很多生态园，而且规模都较大,1.0,0.3589999973773956,"风景, 表演, 值得, 一般般, 位于, 晚上, 好看, 建筑, 美丽, 大自然","['高明', '生态园', '规模', '较大']",服务,33,1.5,53126,3
A33,2015-08-29,比别的地方要便宜，有得玩，又可以游泳…水比较干净属山泉水又凉快。适合一家人去玩…就是游乐金那里不怎么好,0.0,0.3203000128269195,"值得, 适合, 环境, 干净, 休闲, 公园, 空气清新, 瀑布, 水, 很漂亮","['便宜', '游泳', '水', '干净', '属', '山泉水', '凉快', '适合', '游乐', '金']",卫生,33,3.0,53127,5
A33,2015-11-04,亲子游，值得一去。太棒了。有机会还带小孩去玩,10.0,0.8154000043869019,"喜欢, 下次, 漂亮, 朋友, 值得, 去过, 机会, 字, 开心, 风景优美","['亲子', '值得', '太棒了', '机会']",位置,33,2.0,53128,4
A33,2015-10-29,值得一去，交通很方便，一下高速就是了，小朋友玩得很开心，有机动游戏还有拓展运动！,10.0,0.4699000120162964,"喜欢, 下次, 漂亮, 朋友, 值得, 去过, 机会, 字, 开心, 风景优美","['值得', '交通', '高速', '开心', '机动', '游戏', '拓展', '运动']",位置,33,2.0,53129,4
A33,2016-07-18,景色不错，很多休息的地方，小孩喜欢，很多小黄鸭,11.0,0.3330999910831451,"景色, 美, 感觉, 山上, 值得, 中, 优美, 拍, 交通, 少","['景色', '休息', '喜欢', '黄', '鸭']",位置,33,2.0,53130,4
A33,2016-07-18,取票方便，景色宜人，小孩特别喜欢玩水，也比较多设施,0.0,0.4541000127792358,"值得, 适合, 环境, 干净, 休闲, 公园, 空气清新, 瀑布, 水, 很漂亮","['景色宜人', '特别', '喜欢', '玩水', '设施']",卫生,33,2.0,53131,4
A33,2016-02-12,很好玩，很适合大人小孩去，油菜花时节，好看！,2.0,0.8461999893188477,"好玩, 开心, 太, 天气, 项目, 特别, 舒服, 夏天, 热, 风景","['好玩', '适合', '大人', '油菜花', '时节', '好看']",设施,33,1.0,53132,2
A33,2016-03-05,去r候很漂亮。油菜花很美，老少皆宜的生B@,8.0,0.2159000039100647,"空气, 设施, 可惜, 完善, 还行, 游乐, 有意思, 老板, 负离子, 商业","['', 'r候', '很漂亮', '油菜花', '美', '老少皆宜', '生B', '@']",设施,33,1.5,53133,3
A33,2016-10-15,值得一去，地方大，环境好，下次还去！,10.0,0.7692000269889832,"喜欢, 下次, 漂亮, 朋友, 值得, 去过, 机会, 字, 开心, 风景优美","['值得', '环境', '下次']",位置,33,1.0,53134,2
A33,2016-11-01,高明环境保护得挺好，这个生态园就值得去玩,0.0,0.692300021648407,"值得, 适合, 环境, 干净, 休闲, 公园, 空气清新, 瀑布, 水, 很漂亮","['高明', '环境保护', '生态园', '值得']",卫生,33,1.0,53135,2
A33,2016-08-28,还是挺不错的，嗯，下次还会再来！,10.0,0.3589999973773956,"喜欢, 下次, 漂亮, 朋友, 值得, 去过, 机会, 字, 开心, 风景优美","['挺不错', '下次']",位置,33,1.5,53136,3
A33,2016-04-04,不错！满园都是春天的气息，很美！,11.0,0.3592000007629394,"景色, 美, 感觉, 山上, 值得, 中, 优美, 拍, 交通, 少","['满园', '春天', '气息', '美']",位置,33,1.5,53137,3
A33,2016-10-13,价格不贵，又有机动项目，又有小动物看,7.0,0.376800000667572,"环境, 贵, 很好, 没什么, 吃, 东西, 太, 差, 感觉, 风景","['价格', '贵', '机动', '项目', '动物']",性价比,33,1.5,53138,3
A33,2016-10-10,好玩，人不多，值得一去！风景好！,2.0,0.6035000085830688,"好玩, 开心, 太, 天气, 项目, 特别, 舒服, 夏天, 热, 风景","['好玩', '人不多', '值得', '风景']",设施,33,1.0,53139,2
A33,2016-09-27,一家大小都可以玩，有游乐场，还有游泳池,7.0,0.4153999984264374,"环境, 贵, 很好, 没什么, 吃, 东西, 太, 差, 感觉, 风景","['一家', '大小', '游乐场', '游泳池']",性价比,33,1.5,53140,3
A33,2015-08-14,还算可以，小孩们玩得不亦乐乎,5.0,0.5383999943733215,"温泉, 服务, 服务态度, 满意, 泡温泉, 热情, 家人, 工作人员, 方便快捷, 态度",['算'],服务,33,1.5,53141,3
A33,2016-09-25,三月份去看油菜花合适的很，呵呵,7.0,0.5385000109672546,"环境, 贵, 很好, 没什么, 吃, 东西, 太, 差, 感觉, 风景","['三月份', '油菜花', '合适']",性价比,33,1.0,53142,2
A33,2015-11-22,好适合一家人亲子游，好玩，交通便利,0.0,0.508899986743927,"值得, 适合, 环境, 干净, 休闲, 公园, 空气清新, 瀑布, 水, 很漂亮","['适合', '亲子', '好玩', '交通', '便利']",卫生,33,2.0,53143,4
A33,2016-06-07,空气很好，假日休闲好去处，适合亲子游,0.0,0.5823000073432922,"值得, 适合, 环境, 干净, 休闲, 公园, 空气清新, 瀑布, 水, 很漂亮","['空气', '假日', '休闲', '好去处', '适合', '亲子']",卫生,33,1.0,53144,2
A33,2015-10-04,交通方便，一下高速就到了，景色不错，除了游玩还有机动游戏，值得一去！,10.0,0.3761999905109405,"喜欢, 下次, 漂亮, 朋友, 值得, 去过, 机会, 字, 开心, 风景优美","['交通', '高速', '景色', '机动', '游戏', '值得']",位置,33,1.0,53145,2
A33,2016-06-19,很适合亲子游，玩的游戏都很多，走近大自然,0.0,0.4219000041484833,"值得, 适合, 环境, 干净, 休闲, 公园, 空气清新, 瀑布, 水, 很漂亮","['适合', '亲子', '游戏', '走近', '大自然']",卫生,33,1.0,53146,2
A33,2016-02-26,十月去时，大部分景区还没建好。就过去集体做了一餐饭吃，带小朋友玩了机动游戏。总体一般，性价比不高，可能过多一年后，所有景点搞好，会好点。,3.0,0.3463999927043915,"走, 高, 性价比, 免费, 太, 坐, 建议, 观音, 开车, 感觉","['十月', '去时', '大部分', '没建', '集体', '做', '一餐饭', '吃', '机动', '游戏', '总体', '性价比', '高', '一年', '搞好']",性价比,33,1.5,53147,3
A33,2016-05-29,很美丽，很适合陪小朋友去玩……,1.0,0.2836000025272369,"风景, 表演, 值得, 一般般, 位于, 晚上, 好看, 建筑, 美丽, 大自然","['美丽', '适合', '陪']",服务,33,2.0,53148,4
A33,2016-04-01,花卉众多，还好吧，好玩。,2.0,0.2793000042438507,"好玩, 开心, 太, 天气, 项目, 特别, 舒服, 夏天, 热, 风景","['花卉', '众多', '还好', '好玩']",设施,33,1.5,53149,3
A33,2016-03-07,花海很美，孩子玩得很开心，还有米送,3.0,0.4153999984264374,"走, 高, 性价比, 免费, 太, 坐, 建议, 观音, 开车, 感觉","['花海', '美', '开心', '米', '送']",性价比,33,1.0,53150,2
A33,2016-02-16,好看又好玩，非常适合一家老幼去玩，里面的食物有点贵，净濑粉10元，金牌濑粉38元，凭门票送礼品，拿了一大袋蕃薯超开心！,7.0,0.4735000133514404,"环境, 贵, 很好, 没什么, 吃, 东西, 太, 差, 感觉, 风景","['好看', '好玩', '非常适合', '一家', '老幼', '食物', '贵', '净', '濑粉元', '金牌', '濑粉元', '送', '礼品', '一大', '袋', '蕃薯', '超', '开心']",性价比,33,1.0,53151,2
A33,2016-04-27,不是很好的，夏天泳池不错，冬天的油菜花越来越少，,7.0,0.4241000115871429,"环境, 贵, 很好, 没什么, 吃, 东西, 太, 差, 感觉, 风景","['很好', '夏天', '泳池', '冬天', '油菜花', '越来越少']",性价比,33,1.5,53152,3
A33,2015-07-25,暑假好去处，这里是孩子们的天堂，也是她们的学堂，寓教于乐，不错不错,0.0,0.5192999839782715,"值得, 适合, 环境, 干净, 休闲, 公园, 空气清新, 瀑布, 水, 很漂亮","['暑假', '好去处', '天堂', '学堂', '寓教于乐']",卫生,33,1.0,53153,2
A33,2015-10-04,一家大小都去了，第三次去了，每次去都不一样。小孩子很喜欢有游戏玩嘛，呵呵。取钱票非常方便，一张票便宜了8块，一次买了9张，总共便宜了72！呵呵,4.0,0.3501999974250793,"便宜, 价格, 优惠, 网上, 现场, 不用, 实惠, 排队, 购票, 订","['一家', '大小', '第三次', '每次', '喜欢', '游戏', '玩嘛', '取钱', '一张', '便宜', '块', '张', '总共', '便宜']",性价比,33,3.0,53154,5
A33,2015-02-22,里面2-4月是油菜花节，很大的一片片，照相游玩很不错。可是景点门票优惠票50元孩子身高是1.5以下，而订票网站的备注确实1.4，我2个孩子1.45，所以买了成人票，太坑了，成人票59，浪费我金钱。超级不负责任！,4.0,0.3244999945163727,"便宜, 价格, 优惠, 网上, 现场, 不用, 实惠, 排队, 购票, 订","['月', '油菜花', '节', '很大', '一片片', '照相', '优惠', '票元', '身高', '网站', '备注', '确实', '我个', '成人', '太坑', '成人', '浪费', '金钱', '超级', '不负责任']",性价比,33,-1.0,53155,1
A33,2016-02-14,景色不错，是亲子游的好选择的地方,0.0,0.4384999871253967,"值得, 适合, 环境, 干净, 休闲, 公园, 空气清新, 瀑布, 水, 很漂亮","['景色', '亲子', '选择']",卫生,33,1.5,53156,3
A33,2016-02-12,挺好玩的，很适合一家人去，小朋友玩得很开心，不愿意走！走了一天刚刚好。,2.0,0.579800009727478,"好玩, 开心, 太, 天气, 项目, 特别, 舒服, 夏天, 热, 风景","['挺好玩', '适合', '开心', '走', '走', '刚刚']",设施,33,2.0,53157,4
A33,2016-03-28,还不错哦，看起来挺好玩得，正准备去呢,5.0,0.3589999973773956,"温泉, 服务, 服务态度, 满意, 泡温泉, 热情, 家人, 工作人员, 方便快捷, 态度","['挺好玩', '正']",服务,33,1.5,53158,3
A33,2015-09-13,还好吧，门票有点贵，环境不错，景区蛮干净的。,7.0,0.6166999936103821,"环境, 贵, 很好, 没什么, 吃, 东西, 太, 差, 感觉, 风景","['还好', '贵', '环境', '干净']",性价比,33,1.5,53159,3
A33,2016-02-11,整家人游玩，不错的选择,5.0,0.4690999984741211,"温泉, 服务, 服务态度, 满意, 泡温泉, 热情, 家人, 工作人员, 方便快捷, 态度","['整', '家人', '选择']",服务,33,1.5,53160,3
A33,2015-10-26,自己开车去交通方便停车位非常充足濑粉不错有景色看又有机动游戏玩挺不错的,0.0,0.2409999966621399,"值得, 适合, 环境, 干净, 休闲, 公园, 空气清新, 瀑布, 水, 很漂亮","['开车', '交通', '停车位', '充足', '濑粉', '景色', '机动', '游戏', '挺不错']",卫生,33,1.0,53161,2
A33,2015-06-22,我已经是第二次去了，地方广、夏天游水、春秋赏花，适合一家老小去的好地方！,0.0,0.4079000055789947,"值得, 适合, 环境, 干净, 休闲, 公园, 空气清新, 瀑布, 水, 很漂亮","['第二次', '广', '夏天', '游水', '春秋', '赏花', '适合', '一家老小']",卫生,33,1.0,53162,2
A33,2015-10-29,周未亲子游是不错选择，玩水规定时间5月至十月7号的，值班利用空闲时间去一游,6.0,0.3088999986648559,"上山, 广东, 导游, 山顶, 时, 走, 到达, 两个, 下午, 坐","['周', '未', '亲子', '选择', '玩水', '月', '十月', '号', '值班', '利用', '空闲', '去一']",服务,33,-1.0,53163,1
A33,2016-03-16,孩子玩还可以，其它一般，送的红薯好吃啊！,7.0,0.692300021648407,"环境, 贵, 很好, 没什么, 吃, 东西, 太, 差, 感觉, 风景","['送', '红薯', '好吃']",性价比,33,1.0,53164,2
A33,2015-06-23,超值，比在现场购票优惠，拿票不用排队，还有机动游戏票送，买了张，送了240元机动游戏金，俩小孩完全够玩，回来路上小孩说玩得爽呆了，难得小孩开心快乐，值！,10.0,0.3639000058174133,"喜欢, 下次, 漂亮, 朋友, 值得, 去过, 机会, 字, 开心, 风景优美","['超值', '现场', '购票', '优惠', '拿票', '不用', '排队', '机动', '游戏', '送', '张', '送', '机动', '游戏', '金', '俩', '够玩', '回来', '路上', '爽呆了', '开心', '快乐', '值']",位置,33,2.0,53165,4
A33,2015-08-27,取票方便快捷，水上乐园、机动游戏小朋友都玩得很开心，都不愿走了，下次再来。,2.0,0.3508000075817108,"好玩, 开心, 太, 天气, 项目, 特别, 舒服, 夏天, 热, 风景","['方便快捷', '水上', '乐园', '机动', '游戏', '开心', '愿', '走', '下次']",设施,33,2.0,53166,4
A33,2016-03-08,第三次来玩了！一大片美丽的油菜花、不太刺激机动游戏适合儿童游玩，还有拓展区……不错！,0.0,0.2930000126361847,"值得, 适合, 环境, 干净, 休闲, 公园, 空气清新, 瀑布, 水, 很漂亮","['第三次', '大片', '美丽', '油菜花', '太', '刺激', '机动', '游戏', '适合', '儿童', '拓展', '区']",卫生,33,1.0,53167,2
A33,2015-08-25,订票很方便，虽然第一次错过确定时间的电话。但是改成星期一出也很好啊，没有那么多人，不过好晒啊，出门忘记搽防晒的，回来黑了很多。,6.0,0.3691999912261963,"上山, 广东, 导游, 山顶, 时, 走, 到达, 两个, 下午, 坐","['第一次', '错过', '电话', '改成', '星期一', '晒', '出门', '忘记', '搽', '防晒', '回来', '黑']",服务,33,-2.0,53168,1
A33,2015-10-09,花色满园，游玩项目多样，加上九寨水城可以玩足一天,3.0,0.3021000027656555,"走, 高, 性价比, 免费, 太, 坐, 建议, 观音, 开车, 感觉","['花色', '满园', '项目', '多样', '九寨', '水城', '玩足']",性价比,33,1.5,53169,3
A33,2016-03-05,很美的景色哟哟……值得一家人过去的,11.0,0.5055000185966492,"景色, 美, 感觉, 山上, 值得, 中, 优美, 拍, 交通, 少","['美的', '景色', '值得']",位置,33,1.0,53170,2
A33,2016-02-10,一年没来。感觉好了很多。比广州好玩多了。,9.0,0.3723999857902527,"山, 爬山, 好多, 希望, 太, 美的, 钱, 水, 骑, 活动","['一年', '感觉', '广州', '好玩']",设施,33,1.5,53171,3
A33,2016-01-07,风景美丽，很好玩，小孩子喜欢,1.0,0.4045000076293945,"风景, 表演, 值得, 一般般, 位于, 晚上, 好看, 建筑, 美丽, 大自然","['风景', '美丽', '好玩', '喜欢']",服务,33,2.0,53172,4
A33,2015-10-01,不错，每年的10月1号都要去一次，下年继续,1.0,0.5385000109672546,"风景, 表演, 值得, 一般般, 位于, 晚上, 好看, 建筑, 美丽, 大自然","['月号', '年']",服务,33,1.5,53173,3
A33,2015-08-06,早上挺早去的，，没有什么人，，可能不是花期，，，，没有什么好看的，，，水池可以，，，不过小孩玩的工具较多,6.0,0.3476999998092651,"上山, 广东, 导游, 山顶, 时, 走, 到达, 两个, 下午, 坐","['早上', '早去', '花期', '好看', '水池', '工具']",服务,33,1.5,53174,3
A33,2015-06-03,不错游玩的好地方！下次还会去,10.0,0.5385000109672546,"喜欢, 下次, 漂亮, 朋友, 值得, 去过, 机会, 字, 开心, 风景优美",['下次'],位置,33,1.5,53175,3
A33,2015-05-04,空气好，娱乐项目多，老少皆宜!总之很满意，没有**那么堵,2.0,0.2870000004768371,"好玩, 开心, 太, 天气, 项目, 特别, 舒服, 夏天, 热, 风景","['空气', '娱乐', '项目', '老少皆宜', '满意', '堵']",设施,33,2.0,53176,4
A33,2016-01-21,**景区位于高明区凌云山麓下，空气清新，鸟语花香，里面游乐设施比较多，很适合一家大小出去玩。,0.0,0.266400009393692,"值得, 适合, 环境, 干净, 休闲, 公园, 空气清新, 瀑布, 水, 很漂亮","['位于', '高明区', '凌云', '山麓', '空气清新', '鸟语花香', '游乐', '设施', '适合', '一家', '大小', '出去玩']",卫生,33,1.0,53177,2
A33,2015-02-20,景点不错，环境干净卫生，服务态度不错，特别是科普园科技含量高，神奇梦幻般的瓜果和奇特的立体种植技术，特别适合带天真好奇的小孩子去参观了解！同样也吸引着各类成人的好奇心！还有：既然是生态园，建议尽可能的再增加一些景点，比如成片粉红的桃花林，粉白清香的梨花林，，，，当然这可能会增加生态园的资源成本啦！但是也会吸引更多的游客！,0.0,0.2430000007152557,"值得, 适合, 环境, 干净, 休闲, 公园, 空气清新, 瀑布, 水, 很漂亮","['环境', '干净', '卫生', '服务态度', '特别', '科普', '园', '科技含量', '高', '神奇', '梦幻般', '瓜果', '奇特', '立体', '种植', '技术', '特别', '适合', '天真', '好奇', '参观', '吸引', '各类', '成人', '好奇心', '生态园', '建议', '增加', '成片', '粉红', '桃花', '林', '粉白', '清香', '梨花', '林', '增加', '生态园', '资源', '成本', '吸引', '更多', '游客']",卫生,33,11.0,53178,5
A33,2015-11-29,公司团队游。开心好玩,2.0,0.5192999839782715,"好玩, 开心, 太, 天气, 项目, 特别, 舒服, 夏天, 热, 风景","['公司', '团队', '开心', '好玩']",设施,33,1.0,53179,2
A33,2015-12-01,方便，不用排队，但不好玩,4.0,0.51910001039505,"便宜, 价格, 优惠, 网上, 现场, 不用, 实惠, 排队, 购票, 订","['不用', '排队', '不好玩']",性价比,33,1.5,53180,3
A33,2015-04-26,没油菜花，很大片地都是光秃秃的，其他花很漂亮。早上09:30出发，佛山南庄，走广明高速，20分钟路程即到。去到好多人，网上定票窗口很少人，团体票窗口排长队。售票员态度差，不专业。当初网上订票后，有个杭州中介打电话过来问是否出票，记住出票后是不能退票的。然后发来很多验证码，什么***的，去哪儿的，***，而且发的闩单跟验证码都不一样。去取票时，个售员话去哪儿网没团购，我吓一跳，打电话给中介，后来发了个***的验证码过来，又可以了，我明明在去哪儿网买的吖，莫名其妙。个售票员还说要我退票再买，还好我没有照做，不然亏大了。因为中介说网上门票出票后是不能退的。所以对景区和网站是非常不满的。吃方面，人多可以烧烤和/日己做饭。我们只吃懒粉，超级难吃。九寨水城5/1之后才开放的！网站没说明！被坑了！总然之不会再去,6.0,0.4018000066280365,"上山, 广东, 导游, 山顶, 时, 走, 到达, 两个, 下午, 坐","['油菜花', '大片', '光秃秃', '花', '很漂亮', '早上', '出发', '佛山', '南庄', '走', '广明', '高速', '分钟', '路程', '好多', '网上', '定票', '窗口', '团体票', '窗口', '排长队', '售票员', '态度', '差', '专业', '当初', '网上', '有个', '杭州', '中介', '打电话', '问', '出票', '记住', '出票', '退票', '发来', '验证码', '发', '闩', '验证码', '去取', '时', '个售员', '话', '网', '团购', '吓一跳', '打电话', '中介', '发', '验证码', '明明', '网', '莫名其妙', '售票员', '退票', '还好', '做', '亏', '中介', '网上', '出票', '退', '网站', '吃', '烧烤', '日', '做饭', '吃', '懒', '粉', '超级', '难吃', '九寨', '水城', '开放', '网站', '坑', '总然']",服务,33,-1.0,53181,1
A33,2016-01-02,不错，小孩子特别适合，风景也不错。路程在合适范围,7.0,0.6779999732971191,"环境, 贵, 很好, 没什么, 吃, 东西, 太, 差, 感觉, 风景","['特别', '适合', '风景', '路程', '合适']",性价比,33,3.0,53182,5
A33,2015-11-09,5分，小朋友玩得很开心！,2.0,0.5385000109672546,"好玩, 开心, 太, 天气, 项目, 特别, 舒服, 夏天, 热, 风景",['开心'],设施,33,1.0,53183,2
A33,2016-01-05,环境不错，很适合小孩玩。不错不错，值得一看,0.0,0.5170999765396118,"值得, 适合, 环境, 干净, 休闲, 公园, 空气清新, 瀑布, 水, 很漂亮","['环境', '适合', '值得一看']",卫生,33,1.0,53184,2
A33,2015-11-29,交通便利，环境很好，地方又干净，是一家大小的好去处,0.0,0.3923999965190887,"值得, 适合, 环境, 干净, 休闲, 公园, 空气清新, 瀑布, 水, 很漂亮","['交通', '便利', '环境', '干净', '一家', '大小', '好去处']",卫生,33,1.0,53185,2
A33,2015-11-09,那里很好玩，大人小孩都喜欢，值得一游！,2.0,0.4912000000476837,"好玩, 开心, 太, 天气, 项目, 特别, 舒服, 夏天, 热, 风景","['好玩', '大人', '喜欢', '值得']",设施,33,2.0,53186,4
A33,2015-11-03,这个季节去好像没什么看，比较适合带小朋友去游玩,7.0,0.2520999908447265,"环境, 贵, 很好, 没什么, 吃, 东西, 太, 差, 感觉, 风景","['季节', '好像', '没什么', '适合']",性价比,33,1.0,53187,2
A33,2015-08-24,人比较多，但环境还不错,7.0,0.5385000109672546,"环境, 贵, 很好, 没什么, 吃, 东西, 太, 差, 感觉, 风景",['环境'],性价比,33,1.5,53188,3
A33,2015-08-15,带着家人一起去的，玩了一天都还有很多项目没玩完，下次还会去,2.0,0.6442000269889832,"好玩, 开心, 太, 天气, 项目, 特别, 舒服, 夏天, 热, 风景","['家人', '项目', '玩完', '下次']",设施,33,1.5,53189,3
A33,2015-12-16,自驾游方便，乘公共交通就有点麻烦，生态园内风光极好，花开得欢，处处充满生气。,5.0,0.2547999918460846,"温泉, 服务, 服务态度, 满意, 泡温泉, 热情, 家人, 工作人员, 方便快捷, 态度","['自驾游', '公共交通', '麻烦', '生态', '园内', '风光', '极好', '花', '开得', '欢', '充满', '生气']",服务,33,-1.0,53190,1
A33,2015-10-26,很适合一家大小出游，环境很好，范围很大，知识面广，而且绿树成荫，所以游玩起来不会觉得很热或者很晒。,0.0,0.3080999851226806,"值得, 适合, 环境, 干净, 休闲, 公园, 空气清新, 瀑布, 水, 很漂亮","['适合', '一家', '大小', '出游', '环境', '很大', '知识面', '广', '绿树成荫', '热', '晒']",卫生,33,1.0,53191,2
A33,2015-07-29,刚好碰到雷雨天气 环境不错  很广,7.0,0.5263000130653381,"环境, 贵, 很好, 没什么, 吃, 东西, 太, 差, 感觉, 风景","['碰到', '雷雨', '天气', '环境', '广']",性价比,33,1.5,53192,3
A33,2015-10-21,5分，机动游戏很多，但小学生更多，童真回来了，哈哈,10.0,0.4153000116348266,"喜欢, 下次, 漂亮, 朋友, 值得, 去过, 机会, 字, 开心, 风景优美","['机动', '游戏', '小学生', '童真', '回来']",位置,33,1.5,53193,3
A33,2015-10-19,很充实的一趟行程，有花海可以观赏，有体能拓展训练，有动物园，有游乐场、太多太多小细节做得很好,0.0,0.5203999876976013,"值得, 适合, 环境, 干净, 休闲, 公园, 空气清新, 瀑布, 水, 很漂亮","['充实', '一趟', '行程', '花海', '观赏', '体能', '拓展', '训练', '动物园', '游乐场', '太多太多小', '细节', '做']",卫生,33,1.0,53194,2
A33,2015-10-25,环境很美，老幼各有所好，挺好玩的，很满意！,5.0,0.4526999890804291,"温泉, 服务, 服务态度, 满意, 泡温泉, 热情, 家人, 工作人员, 方便快捷, 态度","['环境', '美', '老幼', '各有所好', '挺好玩', '满意']",服务,33,1.0,53195,2
A33,2015-10-21,大人小孩都有的玩，交通方便,2.0,0.3614999949932098,"好玩, 开心, 太, 天气, 项目, 特别, 舒服, 夏天, 热, 风景","['大人', '交通']",设施,33,1.5,53196,3
A33,2015-10-05,丰富，好玩，有意义，棒！,2.0,0.2727999985218048,"好玩, 开心, 太, 天气, 项目, 特别, 舒服, 夏天, 热, 风景","['好玩', '意义', '棒']",设施,33,1.5,53197,3
A33,2015-10-04,5分，景点很有特色，展现出原生态的美。,0.0,0.5192000269889832,"值得, 适合, 环境, 干净, 休闲, 公园, 空气清新, 瀑布, 水, 很漂亮","['特色', '展现出', '原生态', '美']",卫生,33,1.0,53198,2
A33,2015-10-04,5分，色彩斑斓的世界，儿童游戏的天堂。,0.0,0.6486999988555908,"值得, 适合, 环境, 干净, 休闲, 公园, 空气清新, 瀑布, 水, 很漂亮","['色彩斑斓', '世界', '儿童', '游戏', '天堂']",卫生,33,1.0,53199,2
A33,2015-10-04,一次愉快的旅程，小朋友玩得很开心,10.0,0.4999000132083893,"喜欢, 下次, 漂亮, 朋友, 值得, 去过, 机会, 字, 开心, 风景优美","['愉快', '旅程', '开心']",位置,33,2.0,53200,4
A33,2015-10-04,九寨水城玩水好玩，高明懒粉可以，急流滑道刺激,10.0,0.2703000009059906,"喜欢, 下次, 漂亮, 朋友, 值得, 去过, 机会, 字, 开心, 风景优美","['九寨', '水城', '玩水', '好玩', '高明', '懒', '粉', '急流', '滑道', '刺激']",位置,33,-2.0,53201,1
A33,2015-10-04,5分，景色很美，里面好大，有很多东西可以玩，真心不错，值得推荐，下次还要去，没玩够,10.0,0.4235000014305115,"喜欢, 下次, 漂亮, 朋友, 值得, 去过, 机会, 字, 开心, 风景优美","['景色', '美', '东西', '真心', '值得', '推荐', '下次', '没玩够']",位置,33,1.0,53202,2
A33,2015-10-04,5分，景色不错，有得食有得玩有得睇，很适合一家大细一日游！,0.0,0.1790000051259994,"值得, 适合, 环境, 干净, 休闲, 公园, 空气清新, 瀑布, 水, 很漂亮","['景色', '食', '睇', '适合', '一家', '细', '一日游']",卫生,33,1.0,53203,2
A33,2015-10-04,里面的风景不错，每个季节都种上不同的花卉，景色不会单调。另外机动游戏与餐饮也过得去。,0.0,0.26910001039505,"值得, 适合, 环境, 干净, 休闲, 公园, 空气清新, 瀑布, 水, 很漂亮","['风景', '季节', '都种', '花卉', '景色', '单调', '机动', '游戏', '餐饮', '过得去']",卫生,33,-2.0,53204,1
A33,2015-10-04,周末度假值得一去，感受大自然的气息，也可以让小朋友普及一下农业生产方式！,0.0,0.5088000297546387,"值得, 适合, 环境, 干净, 休闲, 公园, 空气清新, 瀑布, 水, 很漂亮","['周末', '度假', '值得', '感受', '大自然', '气息', '普及', '农业', '生产方式']",卫生,33,1.0,53205,2
A33,2015-10-03,5分，景色很美，很好玩,11.0,0.5194000005722046,"景色, 美, 感觉, 山上, 值得, 中, 优美, 拍, 交通, 少","['景色', '美', '好玩']",位置,33,1.5,53206,3
A33,2015-10-03,5分，一家人去玩还是不错的选择。有机会再去,10.0,0.6922000050544739,"喜欢, 下次, 漂亮, 朋友, 值得, 去过, 机会, 字, 开心, 风景优美","['选择', '机会']",位置,33,1.0,53207,2
A33,2015-10-02,此门票价格超值，呢个生态园去多几次都不会嫌多！,2.0,0.51910001039505,"好玩, 开心, 太, 天气, 项目, 特别, 舒服, 夏天, 热, 风景","['门票价格', '超值', '生态园', '几次', '嫌多']",设施,33,1.5,53208,3
A33,2015-09-20,景色一般般，天毛热，忘记带泳衣，无玩九寨水城，大人小孩去还是不错,2.0,0.3817000091075897,"好玩, 开心, 太, 天气, 项目, 特别, 舒服, 夏天, 热, 风景","['景色', '一般般', '天毛', '热', '忘记', '泳衣', '无玩', '九寨', '水城', '大人']",设施,33,-1.0,53209,1
A33,2015-11-18,还不错，是一个大型的综合性旅游服务企业，可以玩机动游戏，有农家餐厅，有动物园区等！,12.0,0.4016000032424927,"动物, 爬, 岛, 沙滩, 天然, 氧吧, 表演, 广州, 动物园, 种类","['大型', '综合性', '服务', '企业', '机动', '游戏', '农家', '餐厅', '动物园', '区']",设施,33,1.5,53210,3
A33,2015-09-06,"5分,环境不错，很适合一家人游玩",0.0,0.692300021648407,"值得, 适合, 环境, 干净, 休闲, 公园, 空气清新, 瀑布, 水, 很漂亮","['环境', '适合']",卫生,33,1.0,53211,2
A33,2015-09-14,5分，物有所值.小孩玩得很开心，下次再来,10.0,0.7692000269889832,"喜欢, 下次, 漂亮, 朋友, 值得, 去过, 机会, 字, 开心, 风景优美","['物有所值', '开心', '下次']",位置,33,1.0,53212,2
A33,2015-10-02,景色很美很好玩很适合家庭给五分,0.0,0.2897000014781952,"值得, 适合, 环境, 干净, 休闲, 公园, 空气清新, 瀑布, 水, 很漂亮","['景色', '很美', '好玩', '适合', '家庭', '五分']",卫生,33,1.0,53213,2
A33,2015-09-06,玩水的水城放置了一些好玩的玩乐艇不用租可以玩得很尽兴,10.0,0.2777999937534332,"喜欢, 下次, 漂亮, 朋友, 值得, 去过, 机会, 字, 开心, 风景优美","['玩水', '水城', '放置', '好玩', '玩乐', '艇', '不用', '租', '尽兴']",位置,33,1.0,53214,2
A33,2015-07-01,玩得很开心，取票方便。,2.0,0.5385000109672546,"好玩, 开心, 太, 天气, 项目, 特别, 舒服, 夏天, 热, 风景",['开心'],设施,33,1.0,53215,2
A33,2015-06-23,早上去比较少人，玩水上乐园小朋友很开心！,2.0,0.671999990940094,"好玩, 开心, 太, 天气, 项目, 特别, 舒服, 夏天, 热, 风景","['早上', '少', '水上', '乐园', '开心']",设施,33,2.0,53216,4
A33,2015-09-01,挺好的，就是门票贵了点,7.0,0.5385000109672546,"环境, 贵, 很好, 没什么, 吃, 东西, 太, 差, 感觉, 风景",['贵'],性价比,33,1.5,53217,3
A33,2015-09-03,便宜几块钱，取票方便。停车方便,4.0,0.5192000269889832,"便宜, 价格, 优惠, 网上, 现场, 不用, 实惠, 排队, 购票, 订","['便宜', '几块钱', '停车']",性价比,33,1.0,53218,2
A33,2015-10-18,很好，过年时有油菜花，一整片，漂亮，里面很多拓展运动项目，小孩玩得开心。,6.0,0.3028999865055084,"上山, 广东, 导游, 山顶, 时, 走, 到达, 两个, 下午, 坐","['过年', '时', '油菜花', '一整片', '漂亮', '拓展', '运动', '项目', '开心']",服务,33,2.0,53219,4
A33,2015-08-31,很好玩，不错的选择。会再去玩的,2.0,0.692300021648407,"好玩, 开心, 太, 天气, 项目, 特别, 舒服, 夏天, 热, 风景","['好玩', '选择']",设施,33,1.5,53220,3
A33,2015-08-20,值得去玩，便宜实惠。服务又好。值得再去玩一下。,4.0,0.3973000049591064,"便宜, 价格, 优惠, 网上, 现场, 不用, 实惠, 排队, 购票, 订","['值得', '便宜', '实惠', '服务', '值得']",性价比,33,3.0,53221,5
A33,2015-08-20,呵呵，一团亲友去烧烤，挺好玩的，但游泳太多人了。,2.0,0.5185999870300293,"好玩, 开心, 太, 天气, 项目, 特别, 舒服, 夏天, 热, 风景","['一团', '亲友', '烧烤', '挺好玩', '游泳', '太多人']",设施,33,1.5,53222,3
A33,2015-09-05,风景好，野外拓展和泳池都不错，适合带小孩去玩。,7.0,0.4086000025272369,"环境, 贵, 很好, 没什么, 吃, 东西, 太, 差, 感觉, 风景","['风景', '野外', '拓展', '泳池', '适合']",性价比,33,1.0,53223,2
A33,2015-08-22,带三个小朋友去，玩的太开心了，,2.0,0.5332000255584717,"好玩, 开心, 太, 天气, 项目, 特别, 舒服, 夏天, 热, 风景","['三个', '太', '开心']",设施,33,1.0,53224,2
A33,2015-08-22,有多种游泳池，适合各个年龄段的人玩，还可以有游戏玩。,0.0,0.3961000144481659,"值得, 适合, 环境, 干净, 休闲, 公园, 空气清新, 瀑布, 水, 很漂亮","['多种', '游泳池', '适合', '年龄段', '游戏']",卫生,33,1.0,53225,2
A33,2015-08-20,取票很方便，很好玩，实惠，下次再去,2.0,0.3393999934196472,"好玩, 开心, 太, 天气, 项目, 特别, 舒服, 夏天, 热, 风景","['好玩', '实惠', '下次']",设施,33,1.5,53226,3
A33,2015-08-20,取票很方便，很好玩，下次再去,2.0,0.4515999853610992,"好玩, 开心, 太, 天气, 项目, 特别, 舒服, 夏天, 热, 风景","['好玩', '下次']",设施,33,1.5,53227,3
A33,2015-10-07,有向日葵等植物，有机动游戏，有植物科普园，免费水上乐园，值得一去,0.0,0.6118000149726868,"值得, 适合, 环境, 干净, 休闲, 公园, 空气清新, 瀑布, 水, 很漂亮","['向日葵', '植物', '机动', '游戏', '植物', '科普', '园', '免费', '水上', '乐园', '值得']",卫生,33,3.0,53228,5
A33,2015-08-14,取票很方便，就是如果想退票要扣5元这点很不好，还有当天订的票也不能退，也很不好。,6.0,0.6280999779701233,"上山, 广东, 导游, 山顶, 时, 走, 到达, 两个, 下午, 坐","['想', '退票', '扣', '不好', '当天', '订', '退', '不好']",服务,33,-2.0,53229,1
A33,2015-08-16,还可以吧。玩得很尽兴，下次有机会还会去玩，就是蚊子毒了点！,2.0,0.4178000092506408,"好玩, 开心, 太, 天气, 项目, 特别, 舒服, 夏天, 热, 风景","['尽兴', '下次', '机会', '蚊子', '毒']",设施,33,2.0,53230,4
A33,2015-08-27,其便宜不了多少，而且只有一窗口能拿W站的票重c是！！！f好的花田呢？花呢？差u！,8.0,0.3463000059127807,"空气, 设施, 可惜, 完善, 还行, 游乐, 有意思, 老板, 负离子, 商业","['', '便宜', '一', '窗口', 'W', '站', '重c', 'f', '花田', '花呢', '差', 'u']",设施,33,1.0,53231,2
A33,2015-08-13,玩的东西挺多的，小朋友很喜欢，超值,10.0,0.51910001039505,"喜欢, 下次, 漂亮, 朋友, 值得, 去过, 机会, 字, 开心, 风景优美","['东西', '喜欢', '超值']",位置,33,0.0,53232,1
A33,2015-08-12,九寨水城不错，比较算大，但水上游乐设施较少，还有就是跟**景区门票捆绑，最好就是独立游水门票,2.0,0.296999990940094,"好玩, 开心, 太, 天气, 项目, 特别, 舒服, 夏天, 热, 风景","['九寨', '水城', '算', '水上', '游乐', '设施', '少', '捆绑', '独立', '游水']",设施,33,1.0,53233,2
A33,2015-08-13,人很多，但仙朋友玩的很开心,10.0,0.692300021648407,"喜欢, 下次, 漂亮, 朋友, 值得, 去过, 机会, 字, 开心, 风景优美","['仙', '朋友', '开心']",位置,33,1.0,53234,2
A33,2015-08-13,性价比高，就是天气太热了。,2.0,0.4749000072479248,"好玩, 开心, 太, 天气, 项目, 特别, 舒服, 夏天, 热, 风景","['性价比', '高', '天气', '太', '热']",设施,33,1.5,53235,3
A33,2015-08-11,非常不错，适合一家大小过来玩，就是吃东西有点贵，泳衣泳裤之类的在外面买，里面超贵，记得带拖鞋！,7.0,0.7423999905586243,"环境, 贵, 很好, 没什么, 吃, 东西, 太, 差, 感觉, 风景","['适合', '一家', '大小', '吃', '东西', '贵', '泳衣', '泳裤', '外面', '超贵', '记得', '拖鞋']",性价比,33,0.0,53236,1
A33,2015-08-10,好玩，又便宜，就是假日人太多,2.0,0.3894999921321869,"好玩, 开心, 太, 天气, 项目, 特别, 舒服, 夏天, 热, 风景","['好玩', '便宜', '假日', '太']",设施,33,1.0,53237,2
A33,2015-03-17,现在刚好是油菜花盛开的季节，值得一去,2.0,0.6923999786376953,"好玩, 开心, 太, 天气, 项目, 特别, 舒服, 夏天, 热, 风景","['油菜花', '盛开', '季节', '值得']",设施,33,1.0,53238,2
A33,2015-08-10,快捷，方便，靠谱！服务好。,4.0,0.5162000060081482,"便宜, 价格, 优惠, 网上, 现场, 不用, 实惠, 排队, 购票, 订","['快捷', '谱', '服务']",性价比,33,1.5,53239,3
A33,2015-08-09,取票方便快捷，环境舒适，适合大小朋友游玩，我家几小子玩得挺开心的！,10.0,0.3610999882221222,"喜欢, 下次, 漂亮, 朋友, 值得, 去过, 机会, 字, 开心, 风景优美","['方便快捷', '环境', '舒适', '适合', '大小', '朋友', '我家', '小子', '开心']",位置,33,3.0,53240,5
A33,2015-08-05,4分，游泳池设施还可认，但外面空地很多都长了草，应该种点植物或花装点一下。,9.0,0.72079998254776,"山, 爬山, 好多, 希望, 太, 美的, 钱, 水, 骑, 活动","['游泳池', '设施', '可认', '外面', '空地', '长', '草', '种点', '植物', '花', '装点']",设施,33,1.5,53241,3
A33,2015-08-08,好玩!项目很多，小孩大人的玩得开心快乐!还可以玩水。,2.0,0.5699999928474426,"好玩, 开心, 太, 天气, 项目, 特别, 舒服, 夏天, 热, 风景","['好玩', '项目', '大人', '开心', '快乐', '玩水']",设施,33,2.0,53242,4
A33,2015-09-20,很适合情侣拍拖 或一家几口带小朋友一起去,0.0,0.7692000269889832,"值得, 适合, 环境, 干净, 休闲, 公园, 空气清新, 瀑布, 水, 很漂亮","['适合', '情侣', '拍拖', '一家', '几口']",卫生,33,1.0,53243,2
A33,2015-08-07,这个价格，值了！水质很好，消费便宜！地方够大，设施不错！以后还会再去的！,7.0,0.5666999816894531,"环境, 贵, 很好, 没什么, 吃, 东西, 太, 差, 感觉, 风景","['价格', '值', '水质', '消费', '便宜', '够', '设施']",性价比,33,1.0,53244,2
A33,2015-08-05,挺不错，就是不够多大树遮阴，天气太热了，各项价格都能接受,7.0,0.4977999925613403,"环境, 贵, 很好, 没什么, 吃, 东西, 太, 差, 感觉, 风景","['挺不错', '大树', '遮阴', '天气', '太', '热', '各项', '价格', '接受']",性价比,33,1.0,53245,2
A33,2015-08-02,方便，天天用都可以，不^e面人太多，只m合小孩,2.0,0.5896000266075134,"好玩, 开心, 太, 天气, 项目, 特别, 舒服, 夏天, 热, 风景","['天', '', '天', '不^', 'e面', '太', 'm合']",设施,33,1.5,53246,3
A33,2015-08-02,评分4，游乐设施齐全，小朋友很开心，但作为生态园，这方面的东西很多没看到，可能季节原因吧,2.0,0.5479999780654907,"好玩, 开心, 太, 天气, 项目, 特别, 舒服, 夏天, 热, 风景","['评分', '游乐', '设施', '齐全', '开心', '生态园', '这方面', '东西', '季节', '原因']",设施,33,0.0,53247,1
A33,2015-08-01,5分，物有所值，境色优美，亲子互动很好。,10.0,0.2538999915122986,"喜欢, 下次, 漂亮, 朋友, 值得, 去过, 机会, 字, 开心, 风景优美","['物有所值', '境色', '优美', '亲子', '互动']",位置,33,1.0,53248,2
A33,2015-08-02,"**环境不错,女儿玩得很开心,在水城玩到唔愿走,不过机动游戏有点贵,4分半啦！",10.0,0.5530999898910522,"喜欢, 下次, 漂亮, 朋友, 值得, 去过, 机会, 字, 开心, 风景优美","['环境', '女儿', '开心', '水城', '玩到', '唔', '愿', '走', '机动', '游戏', '贵', '分半']",位置,33,1.0,53249,2
A33,2015-08-02,很好玩的，不错的旅游休假的地方。价钱也便宜。玩了一天。亲子游的好地方。,10.0,0.2524000108242035,"喜欢, 下次, 漂亮, 朋友, 值得, 去过, 机会, 字, 开心, 风景优美","['好玩', '休假', '价钱', '便宜', '亲子']",位置,33,1.0,53250,2
A33,2015-07-28,游水的地方很多不同的泳圈免费给大家玩…不错…吃的也不贵…种品也算多…,3.0,0.4815999865531921,"走, 高, 性价比, 免费, 太, 坐, 建议, 观音, 开车, 感觉","['游水', '泳圈', '免费', '吃', '不贵', '种品', '算']",性价比,33,1.0,53251,2
A33,2015-07-30,适合一家大小游玩的地方，机动游戏不会太刺激，老人也可玩。,7.0,0.3822000026702881,"环境, 贵, 很好, 没什么, 吃, 东西, 太, 差, 感觉, 风景","['适合', '一家', '大小', '机动', '游戏', '太', '刺激']",性价比,33,0.0,53252,1
A33,2015-07-28,好玩，里面吃的东西都不贵，比其他公园都便宜…大家可以去试一下…,0.0,0.2669999897480011,"值得, 适合, 环境, 干净, 休闲, 公园, 空气清新, 瀑布, 水, 很漂亮","['好玩', '吃', '东西', '不贵', '公园', '便宜', '试一下']",卫生,33,0.0,53253,1
A33,2015-07-31,孩子喜欢玩水，太开心了，58值,10.0,0.4483000040054321,"喜欢, 下次, 漂亮, 朋友, 值得, 去过, 机会, 字, 开心, 风景优美","['喜欢', '玩水', '太', '开心', '值']",位置,33,2.0,53254,4
A33,2015-07-23,不错，挺好玩的，水城的水也很干净！,0.0,0.4169999957084656,"值得, 适合, 环境, 干净, 休闲, 公园, 空气清新, 瀑布, 水, 很漂亮","['挺好玩', '水城', '水', '干净']",卫生,33,1.5,53255,3
A33,2015-07-19,非常棒的地方！适合全家老小一起去玩！,1.0,0.2829999923706054,"风景, 表演, 值得, 一般般, 位于, 晚上, 好看, 建筑, 美丽, 大自然","['棒', '适合', '全家老小']",服务,33,1.0,53256,2
A33,2015-07-23,带小孩去还好，但大人玩就不怎么样，机动游戏全部是另外付钱，价格也相对较贵,7.0,0.3177999854087829,"环境, 贵, 很好, 没什么, 吃, 东西, 太, 差, 感觉, 风景","['还好', '大人', '不怎么样', '机动', '游戏', '付钱', '价格', '较贵']",性价比,33,1.5,53257,3
A33,2015-07-13,环境和公园里面的设施都挺不错的。在里面吃小吃和饮料都不贵啊！大人好小朋友都玩得挺高兴的。,0.0,0.6725999712944031,"值得, 适合, 环境, 干净, 休闲, 公园, 空气清新, 瀑布, 水, 很漂亮","['环境', '公园', '设施', '挺不错', '吃', '小吃', '饮料', '不贵', '大人']",卫生,33,1.5,53258,3
A33,2015-07-14,很好玩，东子也便宜，真不错。,2.0,0.3592999875545501,"好玩, 开心, 太, 天气, 项目, 特别, 舒服, 夏天, 热, 风景","['好玩', '东子', '便宜', '真不错']",设施,33,1.0,53259,2
A33,2015-08-17,园区很大，吃的东西都很便宜，孩子玩的很开心,7.0,0.3395000100135803,"环境, 贵, 很好, 没什么, 吃, 东西, 太, 差, 感觉, 风景","['园区', '很大', '吃', '东西', '便宜', '开心']",性价比,33,1.0,53260,2
A33,2015-04-26,性价比高。适合家庭游乐。园区设施有待完善，工作人员服务有待提高。,9.0,0.2331999987363815,"山, 爬山, 好多, 希望, 太, 美的, 钱, 水, 骑, 活动","['性价比', '高', '适合', '家庭', '游乐', '园区', '设施', '有待', '完善', '工作人员', '服务', '有待', '提高']",设施,33,2.0,53261,4
A33,2015-06-26,休闲的地方，带老人小孩来挺不错，,0.0,0.3592999875545501,"值得, 适合, 环境, 干净, 休闲, 公园, 空气清新, 瀑布, 水, 很漂亮","['休闲', '挺不错']",卫生,33,1.5,53262,3
A33,2015-06-27,比较适合带小孩玩，比较实惠,4.0,0.3592999875545501,"便宜, 价格, 优惠, 网上, 现场, 不用, 实惠, 排队, 购票, 订","['适合', '实惠']",性价比,33,1.0,53263,2
A33,2015-06-26,小假期带老人小孩来悠闲悠闲，不错！,0.0,0.5195000171661377,"值得, 适合, 环境, 干净, 休闲, 公园, 空气清新, 瀑布, 水, 很漂亮","['假期', '悠闲', '悠闲']",卫生,33,1.5,53264,3
A33,2015-06-25,还不错，玩的开心， 儿子下次还要qu,10.0,0.7692000269889832,"喜欢, 下次, 漂亮, 朋友, 值得, 去过, 机会, 字, 开心, 风景优美","['开心', '儿子', '下次']",位置,33,1.0,53265,2
A33,2015-06-25,取票方便，儿子玩的挺开心的,2.0,0.692300021648407,"好玩, 开心, 太, 天气, 项目, 特别, 舒服, 夏天, 热, 风景","['儿子', '开心']",设施,33,1.0,53266,2
A33,2015-06-07,非常好玩，当时高空滑道还没开，有点遗憾！,3.0,0.3957999944686889,"走, 高, 性价比, 免费, 太, 坐, 建议, 观音, 开车, 感觉","['好玩', '高空', '滑道', '没开', '遗憾']",性价比,33,-1.0,53267,1
A33,2015-08-11,不但好玩，实在太美了,2.0,0.5070000290870667,"好玩, 开心, 太, 天气, 项目, 特别, 舒服, 夏天, 热, 风景","['好玩', '实在', '太美']",设施,33,1.0,53268,2
A33,2015-08-05,好玩，有点小贵，要是能便宜点就更好,4.0,0.4153000116348266,"便宜, 价格, 优惠, 网上, 现场, 不用, 实惠, 排队, 购票, 订","['好玩', '小贵', '便宜', '更好']",性价比,33,1.0,53269,2
A33,2015-05-28,很不错的。去哪儿都放心。,4.0,0.5383999943733215,"便宜, 价格, 优惠, 网上, 现场, 不用, 实惠, 排队, 购票, 订",['放心'],性价比,33,1.0,53270,2
A33,2015-05-28,环境不错，性价比高。,3.0,0.4691999852657318,"走, 高, 性价比, 免费, 太, 坐, 建议, 观音, 开车, 感觉","['环境', '性价比', '高']",性价比,33,1.5,53271,3
A33,2015-05-03,"玩得开心,就是排队取票时间太长了",2.0,0.5126000046730042,"好玩, 开心, 太, 天气, 项目, 特别, 舒服, 夏天, 热, 风景","['开心', '排队', '太', '长']",设施,33,1.0,53272,2
A33,2015-05-03,很不错，短途亲子旅游首选。玩玩一天，筋疲力尽，太尽兴了！,0.0,0.3470000028610229,"值得, 适合, 环境, 干净, 休闲, 公园, 空气清新, 瀑布, 水, 很漂亮","['短途', '亲子', '首选', '玩玩', '筋疲力尽', '太', '尽兴']",卫生,33,0.0,53273,1
A33,2015-05-03,不错，价格实惠。玩的开心，水里不错,4.0,0.427700012922287,"便宜, 价格, 优惠, 网上, 现场, 不用, 实惠, 排队, 购票, 订","['价格', '实惠', '开心', '水']",性价比,33,1.0,53274,2
A33,2015-05-04,排队领票时间过长，有待提高。,9.0,0.3980000019073486,"山, 爬山, 好多, 希望, 太, 美的, 钱, 水, 骑, 活动","['排队', '领票', '过长', '有待', '提高']",设施,33,1.0,53275,2
A33,2015-04-17,取票方便，价格合理，服务较好,12.0,0.3589999973773956,"动物, 爬, 岛, 沙滩, 天然, 氧吧, 表演, 广州, 动物园, 种类","['价格合理', '服务']",设施,33,1.5,53276,3
A33,2015-05-04,取票等候时间将近一小时，效率太低了，有待提高，景区漂流也没开放，有些遗憾。,9.0,0.6565999984741211,"山, 爬山, 好多, 希望, 太, 美的, 钱, 水, 骑, 活动","['等候', '效率', '太', '低', '有待', '提高', '漂流', '开放', '遗憾']",设施,33,2.0,53277,4
A33,2015-04-06,景^可以，r格也合理,8.0,0.3589999973773956,"空气, 设施, 可惜, 完善, 还行, 游乐, 有意思, 老板, 负离子, 商业","['景^', '', 'r格']",设施,33,1.5,53278,3
A33,2015-05-07,到现场买票不用怎样排队，但网购的票排了1个小时，就是便宜了几元，真无语,4.0,0.5766000151634216,"便宜, 价格, 优惠, 网上, 现场, 不用, 实惠, 排队, 购票, 订","['现场', '不用', '排队', '网购', '排', '便宜', '几元', '真无语']",性价比,33,1.0,53279,2
A33,2015-03-26,方便，环境不错，小孩开心,7.0,0.3619999885559082,"环境, 贵, 很好, 没什么, 吃, 东西, 太, 差, 感觉, 风景","['环境', '开心']",性价比,33,1.0,53280,2
A33,2015-04-10,人太多，没啥意思，而且没有好吃的,7.0,0.692300021648407,"环境, 贵, 很好, 没什么, 吃, 东西, 太, 差, 感觉, 风景","['太', '啥意思', '好吃']",性价比,33,1.0,53281,2
A33,2015-03-17,不错，还送了农产品，很好吃。,7.0,0.692300021648407,"环境, 贵, 很好, 没什么, 吃, 东西, 太, 差, 感觉, 风景","['送', '农产品', '好吃']",性价比,33,1.0,53282,2
A33,2015-04-03,值得一去的一个地方，油菜花还没有完全开放，不过还是很漂亮……不过取票要排很长的队啊，感觉有点麻烦。,0.0,0.3535999953746795,"值得, 适合, 环境, 干净, 休闲, 公园, 空气清新, 瀑布, 水, 很漂亮","['值得', '一去', '油菜花', '开放', '很漂亮', '要排', '长', '队', '感觉', '麻烦']",卫生,33,1.0,53283,2
A33,2015-02-04,还可以吧！菜花还未开得多，机动游戏场偏小,9.0,0.3273000121116638,"山, 爬山, 好多, 希望, 太, 美的, 钱, 水, 骑, 活动","['菜花', '未', '开', '机动', '游戏场', '偏']",设施,33,1.5,53284,3
A33,2021-03-14,好玩，大人小孩都有适合玩的，,2.0,0.5773000121116638,"好玩, 开心, 太, 天气, 项目, 特别, 舒服, 夏天, 热, 风景","['好玩', '大人', '适合']",设施,33,1.0,53285,2
A33,2021-01-02,入园速度快，就是园里植物都是刚种，有点单调，玻璃桥人比较少，上去费点力,0.0,0.2825999855995178,"值得, 适合, 环境, 干净, 休闲, 公园, 空气清新, 瀑布, 水, 很漂亮","['入园', '速度', '园里', '植物', '刚种', '单调', '玻璃', '桥人', '少', '费点', '力']",卫生,33,-1.0,53286,1
A33,2021-01-02,入园很快，扫码就可以了，不用排队换票,4.0,0.5511000156402588,"便宜, 价格, 优惠, 网上, 现场, 不用, 实惠, 排队, 购票, 订","['入园', '很快', '扫码', '不用', '排队', '换票']",性价比,33,1.5,53287,3
A33,2021-02-20,好玩！玩的好开心！下次再购买,2.0,0.6151999831199646,"好玩, 开心, 太, 天气, 项目, 特别, 舒服, 夏天, 热, 风景","['好玩', '好开心', '下次', '购买']",设施,33,1.5,53288,3
A33,2021-02-19,今年的生态园很美，值得去。但就停车有点远。,3.0,0.4234000146389007,"走, 高, 性价比, 免费, 太, 坐, 建议, 观音, 开车, 感觉","['生态园', '美', '值得', '停车', '远']",性价比,33,1.0,53289,2
A33,2021-01-21,玩的项目比较多，门票价格还可以！里面吃饭不错。,7.0,0.5625,"环境, 贵, 很好, 没什么, 吃, 东西, 太, 差, 感觉, 风景","['项目', '门票价格', '吃饭']",性价比,33,1.5,53290,3
