酒店名称,评论日期,评论内容,入住房型,主题,评论对主题贡献度,主题关键字,评论分词,评价方面,酒店编号,emotional_value,index,情感等级
H26,2020-01-02,非常满意，房间很大！孩子很喜欢！,高级大床房,1.0,0.4799999892711639,"服务, 干净, 卫生, 房间, 特别, 热情, 温泉, 整洁, 喜欢, 入住","['满意', '房间', '很大', '孩子', '喜欢']",卫生,26,2.0,13349,4
H26,2020-01-03,位置临近竹子林地铁口，出行方便，房间宽敞明亮，早餐丰富有营养，服务周到细致，网速快，适合出差、居家旅行，强烈推荐。,高级双床房,2.0,0.6991999745368958,"房间, 位置, 旧, 地理位置, 住, 设施, 机场, 早餐, 出行, 出差","['位置', '临近', '竹子林', '地铁口', '出行', '房间', '宽敞明亮', '早餐', '营养', '服务周到', '细致', '网速', '适合', '出差', '居家', '旅行', '强烈推荐']",位置,26,3.0,13350,5
H26,2020-01-03,交通便利，早餐种类丰富,高级大床房,5.0,0.828499972820282,"不错, 环境, 服务, 早餐, 位置, 交通, 设施, 房间, 性价比, 高","['交通', '便利', '早餐', '种类']",性价比,26,1.0,13351,2
H26,2020-01-04,感谢前台服务员小沈和小覃的帮助，非常好。,高级大床房,1.0,0.828000009059906,"服务, 干净, 卫生, 房间, 特别, 热情, 温泉, 整洁, 喜欢, 入住","['感谢', '服务员', '沈', '小覃']",卫生,26,1.0,13352,2
H26,2020-01-04,**酒店Emily推荐的，很好的酒店，位置很好，服务也很到位，还会再来哦！,高级大床房,5.0,0.5489000082015991,"不错, 环境, 服务, 早餐, 位置, 交通, 设施, 房间, 性价比, 高","['推荐', '很好', '位置', '服务', '到位']",性价比,26,1.0,13353,2
H26,2020-01-05,环境很好。肖大虎先生也很友好,豪华大床房,3.0,0.6061999797821045,"住, 舒服, 房间, 感觉, 入住, 性价比, 下次, 太, 床, 高","['环境', '肖', '大虎', '友好']",性价比,26,1.0,13354,2
H26,2020-01-05,环境很好。肖大虎先生也很友好。,豪华大床房,3.0,0.6061999797821045,"住, 舒服, 房间, 感觉, 入住, 性价比, 下次, 太, 床, 高","['环境', '肖', '大虎', '友好']",性价比,26,1.0,13355,2
H26,2020-01-05,此次入住体验很棒，首先感谢的是前台小陈帮忙升级房间，海景房，景观很好，一眼能看到美丽的深圳湾。其次，客房服务员也非常热心，感受到了宾至如归的享受。第三，早餐相当的丰富，很nice。唯一不足的就是客房设施就是有点老旧了，总的来说性价比很高。,高级双床房,0.0,0.558899998664856,"服务, 房间, 升级, 入住, 免费, 早餐, 热情, 推荐, 满意, 不错","['入住', '体验', '很棒', '感谢', '陈', '帮忙', '升级', '房间', '海景房', '景观', '一眼', '美丽', '深圳湾', '客房', '服务员', '非常热心', '感受', '宾至如归', '享受', '第三', '早餐', '唯一', '客房', '设施', '旧', '性价比', '高']",服务,26,4.0,13356,5
H26,2020-01-05,由于行程原因多增加了一晚，感谢Emily的热心和负责帮忙，很完美的入住体验。,高级大床房,0.0,0.6233000159263611,"服务, 房间, 升级, 入住, 免费, 早餐, 热情, 推荐, 满意, 不错","['行程', '原因', '增加', '一晚', '感谢', '热心', '负责', '帮忙', '完美', '入住', '体验']",服务,26,5.0,13357,5
H26,2020-01-06,我们是长住客了，前台刷停车卡的，态度也很好，大堂经理有个叫李帆的服务热情周到，让人感觉舒服,高级大床房,1.0,0.5023999810218811,"服务, 干净, 卫生, 房间, 特别, 热情, 温泉, 整洁, 喜欢, 入住","['长', '住客', '刷', '停车', '卡', '态度', '经理', '有个', '李帆', '服务', '热情周到', '感觉', '舒服']",卫生,26,1.0,13358,2
H26,2020-01-06,环境很一般，性价比超低。,高级双床房,5.0,0.5185999870300293,"不错, 环境, 服务, 早餐, 位置, 交通, 设施, 房间, 性价比, 高","['环境', '性价比', '超低']",性价比,26,1.5,13359,3
H26,2020-01-07,早餐非常好,豪华双床房,5.0,0.5709999799728394,"不错, 环境, 服务, 早餐, 位置, 交通, 设施, 房间, 性价比, 高",['早餐'],性价比,26,1.5,13360,3
H26,2020-01-07,很好的酒店，离地铁站近，去世界之窗、欢乐海岸只需一站。,高级双床房,2.0,0.5188000202178955,"房间, 位置, 旧, 地理位置, 住, 设施, 机场, 早餐, 出行, 出差","['很好', '地铁站', '世界之窗', '欢乐', '海岸', '需', '一站']",位置,26,1.0,13361,2
H26,2020-01-07,带家人去的 各方面都还不错,高级大床房,4.0,0.3810000121593475,"房, 旅游, 服, 时, 房间, 好评, 游玩, 套房, 选择, 订","['家人', '不错']",设施,26,1.5,13362,3
H26,2020-01-08,有停车场 房间很整洁,高级大床房,2.0,0.415800005197525,"房间, 位置, 旧, 地理位置, 住, 设施, 机场, 早餐, 出行, 出差","['停车场', '房间', '整洁']",位置,26,1.0,13363,2
H26,2020-01-08,前台李文文小姐接待热情周到，想顾客所想，详细解释酒店设施和服务，介绍周围游览去处，令我们有宾至如归的感觉。,高级大床房,0.0,0.5078999996185303,"服务, 房间, 升级, 入住, 免费, 早餐, 热情, 推荐, 满意, 不错","['李', '文文', '小姐', '接待', '热情周到', '想', '顾客', '想', '详细', '解释', '酒店设施', '服务', '介绍', '游览', '去处', '令', '宾至如归', '感觉']",服务,26,1.0,13364,2
H26,2020-01-08,房间还是不错的，就是本来预订两晚，临时有事早走，怎么也不肯退，且收整晚房费，非常不合理。,高级大床房,6.0,0.38960000872612,"房间, 差, 服务态度, 入住, 疫情, 空调, 太, 期间, 点, 体验","['房间', '不错', '本来', '预订', '两', '晚', '临时', '有事', '早', '走', '不肯', '退', '收', '整晚', '房费', '不合理']",设施,26,-2.0,13365,1
H26,2020-01-09,此次入住体验很棒，首先感谢的是前台小陈帮忙升级房间，海景房，景观很好，一眼能看到美丽的深圳湾。其次，客房服务员也非常热心，感受到了宾至如归的享受。第三，早餐相当的丰富，很nice。,高级大床房,0.0,0.6985999941825867,"服务, 房间, 升级, 入住, 免费, 早餐, 热情, 推荐, 满意, 不错","['入住', '体验', '很棒', '感谢', '陈', '帮忙', '升级', '房间', '海景房', '景观', '一眼', '美丽', '深圳湾', '客房', '服务员', '非常热心', '感受', '宾至如归', '享受', '第三', '早餐']",服务,26,4.0,13366,5
H26,2020-01-09,位置临近竹子林地铁口，出行方便，房间宽敞明亮，早餐丰富有营养，服务周到细致，网速快，适合出差、居家旅行，强烈推荐。,行政高级大床房,2.0,0.6991999745368958,"房间, 位置, 旧, 地理位置, 住, 设施, 机场, 早餐, 出行, 出差","['位置', '临近', '竹子林', '地铁口', '出行', '房间', '宽敞明亮', '早餐', '营养', '服务周到', '细致', '网速', '适合', '出差', '居家', '旅行', '强烈推荐']",位置,26,3.0,13367,5
H26,2020-01-09,房间很大，可以加床的；早餐非常丰富，中西式点心，加上即煎蛋和煮面（粉），水果、咖啡丶基本上都齐全了；有停车场；交通便利，地铁1号线竹子林站B2出口上来就是酒店了。,高级大床房,2.0,0.3025999963283539,"房间, 位置, 旧, 地理位置, 住, 设施, 机场, 早餐, 出行, 出差","['房间', '很大', '加床', '早餐', '中', '西式', '点心', '煎蛋', '煮', '面', '粉', '水果', '咖啡', '丶', '齐全', '停车场', '交通', '便利', '地铁', '号线', '竹子林', '站', '出口']",位置,26,1.0,13368,2
H26,2020-01-10,前台服务好。感谢前台Emily。Kk。Jacky。MiFfi。,高级大床房,1.0,0.7139000296592712,"服务, 干净, 卫生, 房间, 特别, 热情, 温泉, 整洁, 喜欢, 入住","['服务', '感谢']",卫生,26,1.0,13369,2
H26,2020-01-10,给前台Emily点个赞，服务特别好！,行政高级双床房,1.0,0.8284000158309937,"服务, 干净, 卫生, 房间, 特别, 热情, 温泉, 整洁, 喜欢, 入住","['点', '赞', '服务', '特别']",卫生,26,1.0,13370,2
H26,2020-01-10,性价比还好的，前台Emily小姐姐人很热情很漂亮！,高级大床房,0.0,0.3686999976634979,"服务, 房间, 升级, 入住, 免费, 早餐, 热情, 推荐, 满意, 不错","['性价比', '还好', '小姐姐', '热情', '很漂亮']",服务,26,1.0,13371,2
H26,2020-01-10,前台Emily服务特别好，每次都特别热心，为我解决问题！给Emily点个赞！,豪华大床房,1.0,0.7703999876976013,"服务, 干净, 卫生, 房间, 特别, 热情, 温泉, 整洁, 喜欢, 入住","['服务', '特别', '每次', '特别', '热心', '解决问题', '点', '赞']",卫生,26,3.0,13372,5
H26,2020-01-12,交通便捷，距离地铁1号线很近，对面福田汽车总站下面很多吃食，两个大床很实用，带孩子的首选，不错不错！,豪华双床房,6.0,0.3786999881267547,"房间, 差, 服务态度, 入住, 疫情, 空调, 太, 期间, 点, 体验","['交通', '便捷', '距离', '地铁', '号线', '对面', '福田', '汽车', '总站', '吃食', '两个', '大床', '实用', '孩子', '首选', '不错', '不错']",设施,26,1.0,13373,2
H26,2020-01-12,该酒店位置好，交通方便，就在一号地铁站口，如果自驾车，有时感觉停车不是很方便，尤其是大门口指导停车的保安，服务一般般，感觉不到五星级酒店的服务水平。,豪华大床房,5.0,0.4257000088691711,"不错, 环境, 服务, 早餐, 位置, 交通, 设施, 房间, 性价比, 高","['位置', '交通', '一号', '地铁站', '口', '自驾车', '感觉', '停车', '大门口', '指导', '停车', '保安', '服务', '一般般', '感觉', '不到', '五星级', '服务水平']",性价比,26,-1.0,13374,1
H26,2020-01-12,帮朋友定的，没有不好反馈，默认好评。帮朋友定的，没有不好反馈，默认好评。帮朋友定的，没有不好反馈，默认好评。,高级大床房,6.0,0.4119000136852264,"房间, 差, 服务态度, 入住, 疫情, 空调, 太, 期间, 点, 体验","['帮', '朋友', '不好', '反馈', '默认', '好评', '帮', '朋友', '不好', '反馈', '默认', '好评', '帮', '朋友', '不好', '反馈', '默认', '好评']",设施,26,-3.0,13375,1
H26,2020-01-12,平生最差的一次酒店体验！！我住过很多不同城市超过30家四五星级酒店，深圳**的服务和管理是最差的！第一，窗户封死不允许打开，一条缝隙也不行，不喜欢没有自然风交流；第二，处理问题没有站在客户的立场，而恰恰这是服务水平的体现和差异。直说吧，这个价位下次考虑圣淘沙或者**酒店吧。,高级大床房,2.0,0.2723999917507171,"房间, 位置, 旧, 地理位置, 住, 设施, 机场, 早餐, 出行, 出差","['平生', '最差', '体验', '住', '城市', '超过', '家', '五星级', '深圳', '服务', '管理', '最差', '第一', '窗户', '封死', '打开', '一条', '缝隙', '不行', '喜欢', '自然风', '交流', '站', '客户', '立场', '服务水平', '体现', '差异', '直说', '价位', '下次', '圣淘沙']",位置,26,0.0,13376,1
H26,2020-01-13,房间舒适，方便，位置好,高级大床房,5.0,0.7851999998092651,"不错, 环境, 服务, 早餐, 位置, 交通, 设施, 房间, 性价比, 高","['房间', '舒适', '位置']",性价比,26,1.0,13377,2
H26,2020-01-13,比较奢华，深圳来说算不错的,高级大床房,2.0,0.6500999927520752,"房间, 位置, 旧, 地理位置, 住, 设施, 机场, 早餐, 出行, 出差","['奢华', '深圳', '算', '不错']",位置,26,-1.0,13378,1
H26,2020-01-13,整体不错，性价比高，服务不错，票台小沈很热情，就是装修偏旧。,豪华双床房,5.0,0.8098999857902527,"不错, 环境, 服务, 早餐, 位置, 交通, 设施, 房间, 性价比, 高","['整体', '不错', '性价比', '高', '服务', '不错', '票台', '小沈', '热情', '装修', '偏旧']",性价比,26,1.0,13379,2
H26,2020-01-14,前台漂亮大方的李雪莹（Sherry Li）小姐姐，服务热情且周到，细心又体贴，真真让人过目难忘，如沐春风。不禁让人赞叹，宾至如归，莫过于此，精进如斯，不亦异乎！祝贵酒店全体同仁新年快乐！,高级大床房,0.0,0.4451999962329864,"服务, 房间, 升级, 入住, 免费, 早餐, 热情, 推荐, 满意, 不错","['漂亮', '大方', '李雪莹', '小姐姐', '服务', '热情', '周到', '细心', '体贴', '真', '真让人', '过目难忘', '如沐春风', '不禁', '赞叹', '宾至如归', '莫过于此', '精进', '斯', '异乎', '祝贵', '全体同仁', '新年快乐']",服务,26,6.0,13380,5
H26,2020-01-14,位置不错，在竹子林地铁站站口，出行很方便。房间中规中矩，略显老气，彷佛有种穿越回90年代宾馆的感觉，居然没有淋浴间，只有浴缸，不甚方便，欢迎45岁以上人士入住。,高级大床房,2.0,0.7267000079154968,"房间, 位置, 旧, 地理位置, 住, 设施, 机场, 早餐, 出行, 出差","['位置', '不错', '竹子林', '地铁站', '站', '口', '出行', '房间', '中规中矩', '略显', '老气', '彷佛', '有种', '穿越', '回', '年代', '宾馆', '感觉', '淋浴间', '浴缸', '甚', '岁', '人士', '入住']",位置,26,-1.0,13381,1
H26,2020-01-15,服务态度很好，特别是5号 前台,高级双床房,1.0,0.7851999998092651,"服务, 干净, 卫生, 房间, 特别, 热情, 温泉, 整洁, 喜欢, 入住","['服务态度', '特别', '号']",卫生,26,1.0,13382,2
H26,2020-01-15,交通便利，价格适中,高级大床房,5.0,0.5928000211715698,"不错, 环境, 服务, 早餐, 位置, 交通, 设施, 房间, 性价比, 高","['交通', '便利', '价格', '适中']",性价比,26,1.0,13383,2
H26,2020-01-16,出差，交通方便。早餐不错。,高级双床房,5.0,0.828000009059906,"不错, 环境, 服务, 早餐, 位置, 交通, 设施, 房间, 性价比, 高","['出差', '交通', '早餐', '不错']",性价比,26,1.5,13384,3
H26,2020-01-16,再次入住**酒店，大堂经理肖大虎一如既往地热情并积极处理反馈的淋浴地漏问题，并免费做了升级，非常周到和专业,高级大床房,0.0,0.567300021648407,"服务, 房间, 升级, 入住, 免费, 早餐, 热情, 推荐, 满意, 不错","['入住', '经理', '肖', '大虎', '一如既往', '热情', '反馈', '淋浴', '地漏', '免费', '做', '升级', '周到', '专业']",服务,26,3.0,13385,5
H26,2020-01-17,早餐丰富 口味好,高级大床房,2.0,0.7131999731063843,"房间, 位置, 旧, 地理位置, 住, 设施, 机场, 早餐, 出行, 出差","['早餐', '口味']",位置,26,1.5,13386,3
H26,2020-01-17,消常，小陈，小蔡，小黄，小杨态度都非常好,豪华大床房,4.0,0.7009000182151794,"房, 旅游, 服, 时, 房间, 好评, 游玩, 套房, 选择, 订","['消常', '陈', '小蔡', '黄', '小杨', '态度']",设施,26,1.5,13387,3
H26,2020-01-18,酒店有点老旧， 位置很好 在地铁口,高级大床房,2.0,0.6384000182151794,"房间, 位置, 旧, 地理位置, 住, 设施, 机场, 早餐, 出行, 出差","['旧', '位置', '很好', '地铁口']",位置,26,1.5,13388,3
H26,2020-01-19,@酒店是真值得推]。e面好大，完全]有味道。我喜g@N很在的b，完全不花哨，但是看著很重，窗外景色也不e，用品S富。交通方便。以後^去深圳就住@一g。,高级大床房,4.0,0.6456999778747559,"房, 旅游, 服, 时, 房间, 好评, 游玩, 套房, 选择, 订","['@', '真', '值得', '推]', 'e面', ']有', '味道', '喜g', '@N', '在', 'b', '花哨', '看著', '重', '窗外', '景色', '不e', '用品', 'S富', '交通', '後', '^', '深圳', '住', '@', '一g']",设施,26,1.0,13389,2
H26,2020-01-19,地理位置方便，出酒店大门就是地铁,高级双床房,2.0,0.7856000065803528,"房间, 位置, 旧, 地理位置, 住, 设施, 机场, 早餐, 出行, 出差","['地理位置', '大门', '地铁']",位置,26,1.5,13390,3
H26,2020-01-22,豪华双人房床1.8宽两张床够一家人???????????住了,豪华双床房,3.0,0.5048999786376953,"住, 舒服, 房间, 感觉, 入住, 性价比, 下次, 太, 床, 高","['豪华', '双人房', '床', '宽', '两张床', '够', '一家人', '住']",性价比,26,1.0,13391,2
H26,2020-01-23,前台小陈很有礼貌！,高级双床房,4.0,0.7135000228881836,"房, 旅游, 服, 时, 房间, 好评, 游玩, 套房, 选择, 订","['陈', '礼貌']",设施,26,1.0,13392,2
H26,2020-01-24,小陈升级的房间很好，并且他推荐了微信餐厅优惠活动，去用了晚餐，菜品比较丰富哦！,高级双床房,0.0,0.7955999970436096,"服务, 房间, 升级, 入住, 免费, 早餐, 热情, 推荐, 满意, 不错","['陈', '升级', '房间', '推荐', '微信', '餐厅', '优惠活动', '去用', '晚餐', '菜品']",服务,26,1.0,13393,2
H26,2020-01-26,就在地铁站旁边，很方便,豪华双床房,2.0,0.7141000032424927,"房间, 位置, 旧, 地理位置, 住, 设施, 机场, 早餐, 出行, 出差","['地铁站', '旁边']",位置,26,1.5,13394,3
H26,2020-01-26,早餐很丰富、中西合璧,高级双床房,6.0,0.3975000083446502,"房间, 差, 服务态度, 入住, 疫情, 空调, 太, 期间, 点, 体验","['早餐', '中西合璧']",设施,26,1.5,13395,3
H26,2020-01-26,前台小甘非服务常不错哈，酒店周围有政府各部门，大路干净宽敞，离欢乐海岸比较近。,高级大床房,3.0,0.3046000003814697,"住, 舒服, 房间, 感觉, 入住, 性价比, 下次, 太, 床, 高","['甘非', '服务', '不错', '政府', '部门', '大路', '干净', '宽敞', '欢乐', '海岸']",性价比,26,1.0,13396,2
H26,2020-01-27,每次来深圳首选,高级大床房,2.0,0.7856000065803528,"房间, 位置, 旧, 地理位置, 住, 设施, 机场, 早餐, 出行, 出差","['每次', '深圳', '首选']",位置,26,1.5,13397,3
H26,2020-01-27,出差竹子林，住这里很方便,高级双床房,2.0,0.7853000164031982,"房间, 位置, 旧, 地理位置, 住, 设施, 机场, 早餐, 出行, 出差","['出差', '竹子林', '住']",位置,26,1.5,13398,3
H26,2020-01-27,老住户了。来深圳时的首选。,高级双床房,2.0,0.6014000177383423,"房间, 位置, 旧, 地理位置, 住, 设施, 机场, 早餐, 出行, 出差","['老住户', '深圳', '时', '首选']",位置,26,1.5,13399,3
H26,2020-01-28,酒店一如既往地服务好人气旺,高级大床房,3.0,0.8277000188827515,"住, 舒服, 房间, 感觉, 入住, 性价比, 下次, 太, 床, 高","['一如既往', '服务', '人气', '旺']",性价比,26,1.5,13400,3
H26,2020-01-29,房间太小 洗澡水压不好,高级大床房,6.0,0.6161999702453613,"房间, 差, 服务态度, 入住, 疫情, 空调, 太, 期间, 点, 体验","['房间', '太小', '洗澡水', '压', '不好']",设施,26,-1.0,13401,1
H26,2020-02-05,感谢酒店前台Emily。 入住体验非常好,高级大床房,0.0,0.7851999998092651,"服务, 房间, 升级, 入住, 免费, 早餐, 热情, 推荐, 满意, 不错","['感谢', '入住', '体验']",服务,26,1.0,13402,2
H26,2020-02-07,不错的选择，交通便利。,高级双床房,5.0,0.657800018787384,"不错, 环境, 服务, 早餐, 位置, 交通, 设施, 房间, 性价比, 高","['不错', '选择', '交通', '便利']",性价比,26,1.0,13403,2
H26,2020-02-10,出行方便，商务入住，还不错。,高级大床房,2.0,0.8276000022888184,"房间, 位置, 旧, 地理位置, 住, 设施, 机场, 早餐, 出行, 出差","['出行', '商务', '入住', '不错']",位置,26,1.5,13404,3
H26,2020-02-11,电视信号差,豪华大床房,6.0,0.6538000106811523,"房间, 差, 服务态度, 入住, 疫情, 空调, 太, 期间, 点, 体验","['电视信号', '差']",设施,26,1.5,13405,3
H26,2020-02-16,设施非常陈旧，不值五星的水准！早餐有客人在的时候进行消毒，而且将消毒水喷洒在食物桌上！前台结账时不提醒客人报车牌号码免停车费！服务根本达不到五星的标准！极度失望！,高级大床房,2.0,0.554099977016449,"房间, 位置, 旧, 地理位置, 住, 设施, 机场, 早餐, 出行, 出差","['设施', '陈旧', '不值', '五星', '水准', '早餐', '客人', '消毒', '消毒水', '喷洒在', '食物', '桌上', '结账', '时', '提醒', '客人', '报', '车牌号码', '免', '停车费', '服务', '达', '不到', '五星', '标准', '失望']",位置,26,-4.0,13406,1
H26,2020-02-16,因为疫情，本人提前退订，可跟酒店沟通了好多次都不予理会，一点没有人情味，不人性化管理的酒怎么能长久？,高级大床房,6.0,0.5979999899864197,"房间, 差, 服务态度, 入住, 疫情, 空调, 太, 期间, 点, 体验","['疫情', '提前', '退订', '沟通', '不予', '理会', '一点', '人情味', '人性化', '管理', '酒', '长久']",设施,26,2.0,13407,4
H26,2020-02-29,地段很好，酒店不错,高级大床房,5.0,0.7142000198364258,"不错, 环境, 服务, 早餐, 位置, 交通, 设施, 房间, 性价比, 高","['地段', '不错']",性价比,26,1.5,13408,3
H26,2020-02-29,地段很好，酒店还不错,高级大床房,5.0,0.7142000198364258,"不错, 环境, 服务, 早餐, 位置, 交通, 设施, 房间, 性价比, 高","['地段', '不错']",性价比,26,1.5,13409,3
H26,2020-03-12,价格实惠，早餐很不错,高级大床房,5.0,0.828499972820282,"不错, 环境, 服务, 早餐, 位置, 交通, 设施, 房间, 性价比, 高","['价格', '实惠', '早餐', '不错']",性价比,26,1.5,13410,3
H26,2020-03-17,位置还好，旅游商务出行可选择,高级大床房,2.0,0.7067999839782715,"房间, 位置, 旧, 地理位置, 住, 设施, 机场, 早餐, 出行, 出差","['位置', '还好', '旅游', '商务', '出行', '选择']",位置,26,1.5,13411,3
H26,2020-03-18,酒店位置很好，服务很好，设施有点陈旧 与价格不太相符，如果有更好的选择可以选其他的，没有的话这家还是不错的,高级大床房,2.0,0.6132000088691711,"房间, 位置, 旧, 地理位置, 住, 设施, 机场, 早餐, 出行, 出差","['位置', '服务', '设施', '陈旧', '价格', '太', '相符', '更好', '选择', '选', '这家', '不错']",位置,26,-1.0,13412,1
H26,2020-03-22,位置好，就在深南大道旁边，交通四通八达。住的楼层比较高，所以比较安静，早餐一般，酸奶是冻的。总体上还不错。,高级大床房,5.0,0.5223000049591064,"不错, 环境, 服务, 早餐, 位置, 交通, 设施, 房间, 性价比, 高","['位置', '深南', '大道', '旁边', '交通', '四通八达', '住', '楼层', '高', '安静', '早餐', '酸奶', '冻', '总体', '不错']",性价比,26,1.0,13413,2
H26,2020-04-03,房间面向深圳湾景，夜景也很美，酒店出门就是地铁口，公交车站，交通便利，离深圳世界之窗、欢乐谷、**城创意园，深圳园博园，深圳湾红树林，会展中心咫尺之遥，无论走路 公交 地铁 自行车都方便。出差的晚上可以出去逛一逛，酒店还有方便的扫码自行车，环境很舒服，服务很赞，出差旅游都推荐入住,豪华双床房,2.0,0.595300018787384,"房间, 位置, 旧, 地理位置, 住, 设施, 机场, 早餐, 出行, 出差","['房间', '面向', '深圳湾', '景', '夜景', '很美', '出门', '地铁口', '公交车站', '交通', '便利', '深圳', '世界之窗', '欢乐谷', '城', '创意', '园', '深圳', '园', '博园', '深圳湾', '红树林', '会展中心', '咫尺之遥', '走路', '公交', '地铁', '自行车', '出差', '晚上', '逛一逛', '扫码', '自行车', '环境', '舒服', '服务', '赞', '出差', '旅游', '推荐', '入住']",位置,26,3.0,13414,5
H26,2020-04-03,位置很好，交通便利，很安静。酒店后面很多小店美食。另外，我眼镜落在酒店，联系客服后，第一时间快递给我。谢谢。,高级大床房,4.0,0.3052999973297119,"房, 旅游, 服, 时, 房间, 好评, 游玩, 套房, 选择, 订","['位置', '交通', '便利', '安静', '小店', '美食', '眼镜', '落', '客服', '第一', '时间', '递给', '谢谢']",设施,26,3.0,13415,5
H26,2020-04-04,感觉很一般的酒店，浴室简陋，室内空气不行。浴巾也不行。,高级大床房,0.0,0.5077000260353088,"服务, 房间, 升级, 入住, 免费, 早餐, 热情, 推荐, 满意, 不错","['感觉', '浴室', '简陋', '室内空气', '不行', '浴巾', '不行']",服务,26,-1.0,13416,1
H26,2020-04-04,感觉很一般的酒店，浴室简陋，室内空气不行。,高级双床房,2.0,0.6201000213623047,"房间, 位置, 旧, 地理位置, 住, 设施, 机场, 早餐, 出行, 出差","['感觉', '浴室', '简陋', '室内空气', '不行']",位置,26,-1.0,13417,1
H26,2020-04-10,好评，有访客喝多了在房间厕所抽烟了，后面酒店免了清洁费,高级双床房,6.0,0.6043999791145325,"房间, 差, 服务态度, 入住, 疫情, 空调, 太, 期间, 点, 体验","['好评', '访客', '喝多', '房间', '厕所', '抽烟', '免', '清洁费']",设施,26,1.5,13418,3
H26,2020-04-13,交通方便，服务好,高级大床房,5.0,0.7139999866485596,"不错, 环境, 服务, 早餐, 位置, 交通, 设施, 房间, 性价比, 高","['交通', '服务']",性价比,26,1.5,13419,3
H26,2020-04-15,早餐超级坑,豪华大床房,0.0,0.5038999915122986,"服务, 房间, 升级, 入住, 免费, 早餐, 热情, 推荐, 满意, 不错","['早餐', '超级', '坑']",服务,26,1.5,13420,3
H26,2020-04-20,出行交通非常方便，酒店总体来说也不错。,高级大床房,5.0,0.8281000256538391,"不错, 环境, 服务, 早餐, 位置, 交通, 设施, 房间, 性价比, 高","['出行', '交通', '总体', '不错']",性价比,26,1.5,13421,3
H26,2020-04-20,因为出差就在附近找了一家，中高档层次，满足大部分要求，出行交通也非常方便，酒店总体来说不错。以后出差的首选。,高级大床房,2.0,0.5097000002861023,"房间, 位置, 旧, 地理位置, 住, 设施, 机场, 早餐, 出行, 出差","['出差', '找', '一家', '中高档', '层次', '大部分', '出行', '交通', '总体', '不错', '出差', '首选']",位置,26,1.5,13422,3
H26,2020-04-20,感觉很空旷,湾景套房,4.0,0.4011000096797943,"房, 旅游, 服, 时, 房间, 好评, 游玩, 套房, 选择, 订","['感觉', '空旷']",设施,26,1.5,13423,3
H26,2020-04-23,还可以吧，疫情期间管的挺严，就地找的酒店，住了好几天，因为不敢去吃饭，基本上都是点外卖，住酒店的人很少，酒店有些旧了。,高级大床房,6.0,0.5185999870300293,"房间, 差, 服务态度, 入住, 疫情, 空调, 太, 期间, 点, 体验","['疫情', '期间', '挺严', '找', '住', '几天', '吃饭', '点', '外卖', '住', '旧']",设施,26,1.5,13424,3
H26,2020-04-25,酒店卫生环境还不错，疫情期间落实登记政策很认真。房间设计合理，只是空调还不够给力，入住当天觉得有点热。,高级大床房,6.0,0.4532000124454498,"房间, 差, 服务态度, 入住, 疫情, 空调, 太, 期间, 点, 体验","['卫生', '环境', '不错', '疫情', '期间', '落实', '登记', '政策', '房间', '设计', '空调', '力', '入住', '当天', '热']",设施,26,1.0,13425,2
H26,2020-04-27,整体设施一般,高级大床房,5.0,0.7141000032424927,"不错, 环境, 服务, 早餐, 位置, 交通, 设施, 房间, 性价比, 高","['整体', '设施']",性价比,26,1.5,13426,3
H26,2020-04-28,位置好，早餐好，就是房间内设施比较老,高级大床房,5.0,0.8284000158309937,"不错, 环境, 服务, 早餐, 位置, 交通, 设施, 房间, 性价比, 高","['位置', '早餐', '房间内', '设施']",性价比,26,1.5,13427,3
H26,2020-04-29,整洁舒适，服务到位，工作人员认真负责，非常推荐，价格也能接受，位置在福田但是去南山也很方便，是长居酒店之一,豪华大床房,5.0,0.4077999889850616,"不错, 环境, 服务, 早餐, 位置, 交通, 设施, 房间, 性价比, 高","['整洁', '舒适', '服务到位', '工作人员', '认真负责', '推荐', '价格', '接受', '位置', '福田', '南山', '长', '居']",性价比,26,4.0,13428,5
H26,2020-05-01,房间太小，设施老旧，住的很不爽,高级大床房,6.0,0.4778999984264374,"房间, 差, 服务态度, 入住, 疫情, 空调, 太, 期间, 点, 体验","['房间', '太小', '设施', '旧', '住', '不爽']",设施,26,-1.0,13429,1
H26,2020-05-05,床品有点不干净，不过酒店地理位置不错,豪华大床房,2.0,0.4151000082492828,"房间, 位置, 旧, 地理位置, 住, 设施, 机场, 早餐, 出行, 出差","['床品', '干净', '地理位置', '不错']",位置,26,1.5,13430,3
H26,2020-05-10,一句话，非常满意！,豪华大床房,2.0,0.785099983215332,"房间, 位置, 旧, 地理位置, 住, 设施, 机场, 早餐, 出行, 出差","['一句', '话', '满意']",位置,26,1.0,13431,2
H26,2020-05-12,前台的小黄、小周，非常热情细致，有宾至如归的感觉，很暖心！,高级大床房,1.0,0.6906999945640564,"服务, 干净, 卫生, 房间, 特别, 热情, 温泉, 整洁, 喜欢, 入住","['黄', '周', '热情', '细致', '宾至如归', '感觉', '暖', '心']",卫生,26,2.0,13432,4
H26,2020-05-12,总体来说比较舒适。感谢前台工作人员黄莉清和常文警的热情帮助！,豪华大床房,4.0,0.4309000074863434,"房, 旅游, 服, 时, 房间, 好评, 游玩, 套房, 选择, 订","['总体', '舒适', '感谢', '工作人员', '黄莉清', '常文警', '热情帮助']",设施,26,2.0,13433,4
H26,2020-05-14,朱小姐 服务到位,豪华大床房,1.0,0.7853999733924866,"服务, 干净, 卫生, 房间, 特别, 热情, 温泉, 整洁, 喜欢, 入住","['朱', '小姐', '服务到位']",卫生,26,1.5,13434,3
H26,2020-05-14,豪华优雅 距离地铁站几十米 房间空调给力 大堂错落有致布局美观 疫情期间管理严格 服务员很有责任心 随叫随到 进门查体温,高级双床房,6.0,0.6933000087738037,"房间, 差, 服务态度, 入住, 疫情, 空调, 太, 期间, 点, 体验","['豪华', '优雅', '距离', '地铁站', '几十米', '房间', '空调', '力', '错落有致', '布局', '美观', '疫情', '期间', '管理', '服务员', '责任心', '随叫随到', '进门', '查', '体温']",设施,26,4.0,13435,5
H26,2020-05-15,酒店环境非常好，海景房视野开阔宜居，酒店服务前台或楼层服务到位，适合各方面宾客居住，我入住酒店已三天在此非常感谢**全体员工的服务。十分感谢！,高级双床房,0.0,0.550599992275238,"服务, 房间, 升级, 入住, 免费, 早餐, 热情, 推荐, 满意, 不错","['环境', '海景房', '视野', '开阔', '宜居', '服务', '楼层', '服务到位', '适合', '宾客', '居住', '入住', '三天', '非常感谢', '员工', '服务', '感谢']",服务,26,2.0,13436,4
H26,2020-05-16,早餐太差了，弄的提前退房4天，早餐非常简单，也就值15块钱吧,高级双床房,6.0,0.4848000109195709,"房间, 差, 服务态度, 入住, 疫情, 空调, 太, 期间, 点, 体验","['早餐', '太', '差', '弄', '提前', '退房', '天', '早餐', '非常简单', '也就值', '块钱']",设施,26,1.5,13437,3
H26,2020-05-16,第一次住空气感觉很舒服,高级大床房,3.0,0.8569999933242798,"住, 舒服, 房间, 感觉, 入住, 性价比, 下次, 太, 床, 高","['第一次', '住', '空气', '感觉', '舒服']",性价比,26,1.0,13438,2
H26,2020-05-17,大堂经理小朱服务优秀。,高级双床房,1.0,0.8282999992370605,"服务, 干净, 卫生, 房间, 特别, 热情, 温泉, 整洁, 喜欢, 入住","['经理', '朱', '服务', '优秀']",卫生,26,1.0,13439,2
H26,2020-05-17,小朱非常好,高级大床房,1.0,0.5713000297546387,"服务, 干净, 卫生, 房间, 特别, 热情, 温泉, 整洁, 喜欢, 入住",['朱'],卫生,26,1.5,13440,3
H26,2020-05-18,前台非常细心，服务很好。订的豪华大床房，前台主动升级到了豪华海景房，望出去视野很棒。房间面积比较大，比一般五星级酒店房间的大床房大56个平方，所以住起来很舒适、很开阔。周边小吃店、水果店、餐厅选择很多。停车位也很充裕，出行非常方便。原本只定了2晚，后来又续了6晚。特别感谢前台Cindy的专业服务。,豪华大床房,2.0,0.2906999886035919,"房间, 位置, 旧, 地理位置, 住, 设施, 机场, 早餐, 出行, 出差","['细心', '服务', '订', '豪华', '大床', '房', '主动', '升级', '豪华', '海景房', '望出去', '视野', '很棒', '房间', '面积', '五星级', '房间', '大床', '房大', '平方', '住', '舒适', '开阔', '周边', '小吃店', '水果店', '餐厅', '选择', '停车位', '充裕', '出行', '原本', '只定', '晚', '续', '晚', '特别感谢', '专业', '服务']",位置,26,7.0,13441,5
H26,2020-05-18,前台小朱工作认真！,湾景套房,1.0,0.4401000142097473,"服务, 干净, 卫生, 房间, 特别, 热情, 温泉, 整洁, 喜欢, 入住","['朱', '工作']",卫生,26,1.5,13442,3
H26,2020-05-18,前台小朱服务好,行政高级大床房,1.0,0.7141000032424927,"服务, 干净, 卫生, 房间, 特别, 热情, 温泉, 整洁, 喜欢, 入住","['朱', '服务']",卫生,26,1.5,13443,3
H26,2020-05-19,酒店设施较旧 地点很不错,高级大床房,2.0,0.479200005531311,"房间, 位置, 旧, 地理位置, 住, 设施, 机场, 早餐, 出行, 出差","['酒店设施', '旧', '地点', '不错']",位置,26,1.5,13444,3
H26,2020-05-19,还不错的！地点好,高级大床房,6.0,0.3851999938488006,"房间, 差, 服务态度, 入住, 疫情, 空调, 太, 期间, 点, 体验","['不错', '地点']",设施,26,1.5,13445,3
H26,2020-05-20,不咋嘀，这样酒店价格除了位置好不知道能说啥,豪华大床房,5.0,0.7537000179290771,"不错, 环境, 服务, 早餐, 位置, 交通, 设施, 房间, 性价比, 高","['不咋嘀', '价格', '位置']",性价比,26,1.5,13446,3
H26,2020-05-20,还是非常不错的酒店，深圳CBD！！！！！！！！周边的非常好吃的餐厅也很多啊，深圳真是一个美丽的城市，早餐的好吃！！,高级大床房,5.0,0.3752999901771545,"不错, 环境, 服务, 早餐, 位置, 交通, 设施, 房间, 性价比, 高","['不错', '深圳', '周边', '好吃', '餐厅', '深圳', '美丽', '城市', '早餐', '好吃']",性价比,26,3.0,13447,5
H26,2020-05-21,还环境，交通便利,高级大床房,5.0,0.7857000231742859,"不错, 环境, 服务, 早餐, 位置, 交通, 设施, 房间, 性价比, 高","['环境', '交通', '便利']",性价比,26,1.0,13448,2
H26,2020-05-22,无烟房间，爱抽烟的烟友们谨慎注意，房间隔音太差了，一个晚上几乎没有休息好，关门声、关衣柜门声、走廊经过都能很清楚听到房内的讲话声音,高级大床房,6.0,0.4009999930858612,"房间, 差, 服务态度, 入住, 疫情, 空调, 太, 期间, 点, 体验","['无烟', '房间', '爱抽烟', '烟友', '谨慎', '房间', '隔音', '太', '差', '晚上', '休息', '关门声', '关', '衣柜', '门声', '走廊', '听到', '房内', '讲话', '声音']",设施,26,2.0,13449,4
H26,2020-05-25,首先，当时是冲着是五星级酒店定的，但着实比较失望，房间没有一点五星级酒店的感觉，房间内设施也比较老旧；另外，卫生间内洗澡的地方放了一个浴缸，站在浴缸里淋浴很害怕滑倒，但除了站在浴缸里也没其他地方可以站着淋浴了；最后，订票网站上的图片是会骗人的，角度或者拍摄的手法显得房间很高级的样子，其实也就一般般了。,高级双床房,2.0,0.3519000113010406,"房间, 位置, 旧, 地理位置, 住, 设施, 机场, 早餐, 出行, 出差","['冲着', '五星级', '着实', '失望', '房间', '一点', '五星级', '感觉', '房间内', '设施', '旧', '卫生间', '洗澡', '放', '浴缸', '站', '浴缸', '里', '淋浴', '害怕', '滑倒', '站', '浴缸', '里', '站', '淋浴', '订票', '网站', '图片', '骗人', '角度', '拍摄', '手法', '显得', '房间', '高级', '样子', '一般般']",位置,26,-2.0,13450,1
H26,2020-05-26,位置真的没话说，服务也很好,高级大床房,5.0,0.4675999879837036,"不错, 环境, 服务, 早餐, 位置, 交通, 设施, 房间, 性价比, 高","['位置', '真的', '没话说', '服务']",性价比,26,1.5,13451,3
H26,2020-05-26,在**酒店住了好多次了，感觉附近交通都比较顺畅。去哪里都方便，不远处就是深圳湾，是个悠闲的好去处。,高级大床房,3.0,0.3822000026702881,"住, 舒服, 房间, 感觉, 入住, 性价比, 下次, 太, 床, 高","['住', '感觉', '交通', '顺畅', '不远处', '深圳湾', '悠闲', '好去处']",性价比,26,1.5,13452,3
H26,2020-05-26,早餐品种较少,行政高级大床房,5.0,0.7853999733924866,"不错, 环境, 服务, 早餐, 位置, 交通, 设施, 房间, 性价比, 高","['早餐', '品种', '少']",性价比,26,1.5,13453,3
H26,2020-05-27,性价比不错，健身房去锻炼了一下。,高级大床房,5.0,0.6262999773025513,"不错, 环境, 服务, 早餐, 位置, 交通, 设施, 房间, 性价比, 高","['性价比', '不错', '健身房', '锻炼']",性价比,26,1.0,13454,2
H26,2020-05-27,很好，不错，价格比公司协议价还便宜,高级大床房,2.0,0.5241000056266785,"房间, 位置, 旧, 地理位置, 住, 设施, 机场, 早餐, 出行, 出差","['不错', '价格比', '公司', '协议价', '便宜']",位置,26,1.0,13455,2
H26,2020-05-27,价格还可以,高级大床房,5.0,0.5710999965667725,"不错, 环境, 服务, 早餐, 位置, 交通, 设施, 房间, 性价比, 高",['价格'],性价比,26,1.5,13456,3
H26,2020-05-27,暂时没有意见,高级双床房,1.0,0.3810999989509582,"服务, 干净, 卫生, 房间, 特别, 热情, 温泉, 整洁, 喜欢, 入住","['暂时', '意见']",卫生,26,1.5,13457,3
H26,2020-05-29,交通还算方便,豪华大床房,5.0,0.7139000296592712,"不错, 环境, 服务, 早餐, 位置, 交通, 设施, 房间, 性价比, 高","['交通', '算']",性价比,26,1.5,13458,3
H26,2020-05-29,酒店品质有底子，但是有些设施确实需要更新保养。,高级大床房,2.0,0.8772000074386597,"房间, 位置, 旧, 地理位置, 住, 设施, 机场, 早餐, 出行, 出差","['品质', '底子', '设施', '确实', '更新', '保养']",位置,26,1.0,13459,2
H26,2020-05-29,酒店算老牌酒店了，差旅住宿方便，大堂经理小朱能及时回访，希望能根据建议越来越好。,高级双床房,2.0,0.6126999855041504,"房间, 位置, 旧, 地理位置, 住, 设施, 机场, 早餐, 出行, 出差","['算', '老牌', '差旅', '住宿', '经理', '朱能', '回访', '希望', '建议', '越来越']",位置,26,1.0,13460,2
H26,2020-05-29,地段地段还是地段,高级双床房,5.0,0.7856000065803528,"不错, 环境, 服务, 早餐, 位置, 交通, 设施, 房间, 性价比, 高","['地段', '地段', '地段']",性价比,26,1.5,13461,3
H26,2020-05-29,酒店处在交通非常方便的位置，市中心深南大道旁边，有高速口，有地铁，有交通枢纽。房间设施有改进的空间，洗漱用品建议提升一下档次。,高级大床房,2.0,0.4674000144004822,"房间, 位置, 旧, 地理位置, 住, 设施, 机场, 早餐, 出行, 出差","['交通', '位置', '市中心', '深南', '大道', '旁边', '高速', '口', '地铁', '交通枢纽', '房间', '设施', '改进', '空间', '洗漱', '用品', '建议', '提升', '档次']",位置,26,2.0,13462,4
H26,2020-05-29,早餐不推荐,高级大床房,5.0,0.7135999798774719,"不错, 环境, 服务, 早餐, 位置, 交通, 设施, 房间, 性价比, 高","['早餐', '推荐']",性价比,26,1.0,13463,2
H26,2020-05-30,酒店不错，客人不多，设施干净，就是入住手续太繁杂，要扫扫个二维码（运营商行程证明、深圳健康码、公安局XX码……），因所在城市已有健康码是全国通行的，所以经交涉后扫了两个码。不过值得表扬的是酒店支持快速退房，把房卡放在房间即可，对商务客人来说很方便。,高级双床房,6.0,0.3443999886512756,"房间, 差, 服务态度, 入住, 疫情, 空调, 太, 期间, 点, 体验","['不错', '客人', '设施', '干净', '入住', '手续', '太', '繁杂', '扫', '扫', '二维码', '运营商', '行程', '证明', '深圳', '健康', '码', '公安局', '码', '所在城市', '已有', '健康', '码', '全国', '通行', '交涉', '扫', '两个', '码', '值得', '表扬', '支持', '快速', '退房', '房卡', '放在', '房间', '即可', '商务', '客人']",设施,26,4.0,13464,5
H26,2020-05-31,酒店内部设施很不错，房间非常宽敞，停车位充足，交通便利，旁边就是地铁口。工作人员服务很好，尽量帮客户解决问题。我们手误订错了房间，前台工作人员Cindy非常妥善地帮助我们解决。以后还会选择这家酒店入住。,高级大床房,2.0,0.2565000057220459,"房间, 位置, 旧, 地理位置, 住, 设施, 机场, 早餐, 出行, 出差","['内部', '设施', '不错', '房间', '宽敞', '停车位', '充足', '交通', '便利', '旁边', '地铁口', '工作人员', '服务', '帮', '客户', '解决问题', '手', '误订', '错', '房间', '工作人员', '妥善', '解决', '选择', '这家', '入住']",位置,26,3.0,13465,5
H26,2020-05-31,服务很好 下午两点退房,高级大床房,4.0,0.4630999863147735,"房, 旅游, 服, 时, 房间, 好评, 游玩, 套房, 选择, 订","['服务', '下午', '两点', '退房']",设施,26,1.5,13466,3
H26,2020-06-01,早餐不错，大堂经理小朱服务很好,高级双床房,1.0,0.4792999923229217,"服务, 干净, 卫生, 房间, 特别, 热情, 温泉, 整洁, 喜欢, 入住","['早餐', '不错', '经理', '朱', '服务']",卫生,26,1.5,13467,3
H26,2020-06-01,位置：距离**城很近，因为是商务出差所以选择了离客户比较近的地点。因为是23:30到到酒店还算方便。设施：太旧了，老宾馆的样子，都很陈旧，从大堂到电梯，从电梯到各楼层，从楼层到房间都很旧！！！服务：可能值班的小姐姐累了，态度一般般，不想深圳的水平。价格：也没其他的酒店了周边，如果不是怕第二天起不来不想打车，走路就能到客户那里，一定不会入住。虽然价格很便宜。,高级大床房,2.0,0.386599987745285,"房间, 位置, 旧, 地理位置, 住, 设施, 机场, 早餐, 出行, 出差","['位置', '距离', '城', '商务', '出差', '选择', '了离', '客户', '地点', '算', '设施', '太旧', '宾馆', '样子', '陈旧', '电梯', '电梯', '各楼层', '楼层', '房间', '旧', '服务', '值班', '小姐姐', '累', '态度', '一般般', '不想', '深圳', '水平', '价格', '周边', '第二天', '起不来', '不想', '打车', '走路', '客户', '入住', '价格', '便宜']",位置,26,0.0,13468,1
H26,2020-06-03,这是第二次入住该酒店，其地理位置很好，就在地铁站边上；酒店前台服务周到，特别是小邱、小黄两个工作人员热情礼貌，耐心解答客人疑问；酒店客房冰箱还免费提供饮料、零食，退房也很快，一点不繁琐，以后还会入住这家酒店。,高级双床房,6.0,0.5644000172615051,"房间, 差, 服务态度, 入住, 疫情, 空调, 太, 期间, 点, 体验","['第二次', '入住', '地理位置', '地铁站', '边上', '服务周到', '特别', '邱', '黄', '两个', '工作人员', '热情', '礼貌', '耐心', '解答', '客人', '疑问', '酒店客房', '冰箱', '免费', '提供', '饮料', '零食', '退房', '很快', '一点', '繁琐', '入住', '这家']",设施,26,3.0,13469,5
H26,2020-06-04,服务很好，尤其感谢前台服务员工程鹏,高级双床房,1.0,0.8346999883651733,"服务, 干净, 卫生, 房间, 特别, 热情, 温泉, 整洁, 喜欢, 入住","['服务', '感谢', '服务员', '工程', '鹏']",卫生,26,1.0,13470,2
H26,2020-06-05,酒店环境卫生等良好，黄莉清服务热情周到,高级大床房,1.0,0.8126000165939331,"服务, 干净, 卫生, 房间, 特别, 热情, 温泉, 整洁, 喜欢, 入住","['环境卫生', '黄莉清', '服务', '热情周到']",卫生,26,1.5,13471,3
H26,2020-06-05,整体还可以,高级双床房,5.0,0.5712000131607056,"不错, 环境, 服务, 早餐, 位置, 交通, 设施, 房间, 性价比, 高",['整体'],性价比,26,1.5,13472,3
H26,2020-06-06,非常感谢酒店值班经理小周的热情接待和礼宾的程姓小伙，非常不错，下次再来。,高级大床房,1.0,0.450300008058548,"服务, 干净, 卫生, 房间, 特别, 热情, 温泉, 整洁, 喜欢, 入住","['非常感谢', '值班', '经理', '小周', '热情接待', '礼宾', '程姓', '小伙', '不错', '下次']",卫生,26,1.5,13473,3
H26,2020-06-07,性价比非常高的一个酒店,高级双床房,5.0,0.7139999866485596,"不错, 环境, 服务, 早餐, 位置, 交通, 设施, 房间, 性价比, 高","['性价比', '高']",性价比,26,1.5,13474,3
H26,2020-06-07,不错，特别是小舒、小沈,高级双床房,5.0,0.5871000289916992,"不错, 环境, 服务, 早餐, 位置, 交通, 设施, 房间, 性价比, 高","['不错', '特别', '小舒', '沈']",性价比,26,1.0,13475,2
H26,2020-06-07,小舒、小沈同志很热情很周到,高级双床房,1.0,0.5616000294685364,"服务, 干净, 卫生, 房间, 特别, 热情, 温泉, 整洁, 喜欢, 入住","['小舒', '沈', '同志', '热情', '周到']",卫生,26,2.0,13476,4
H26,2020-06-07,小朱服务不错,高级双床房,1.0,0.4417000114917755,"服务, 干净, 卫生, 房间, 特别, 热情, 温泉, 整洁, 喜欢, 入住","['朱', '服务', '不错']",卫生,26,1.5,13477,3
H26,2020-06-09,位置好，一线海景,高级大床房,0.0,0.3260000050067901,"服务, 房间, 升级, 入住, 免费, 早餐, 热情, 推荐, 满意, 不错","['位置', '一线', '海景']",服务,26,1.5,13478,3
H26,2020-06-10,酒店环境，服务我非常满意。前台小李、小王、小张、接待都非常温馨如到家的感觉。,高级双床房,0.0,0.574999988079071,"服务, 房间, 升级, 入住, 免费, 早餐, 热情, 推荐, 满意, 不错","['环境', '服务', '满意', '李', '小王', '小张', '接待', '温馨', '如到家', '感觉']",服务,26,2.0,13479,4
H26,2020-06-11,设施比较陈旧，插座太少,高级大床房,2.0,0.8567000031471252,"房间, 位置, 旧, 地理位置, 住, 设施, 机场, 早餐, 出行, 出差","['设施', '陈旧', '插座', '太', '少']",位置,26,-1.0,13480,1
H26,2020-06-12,酒店位置很好，自助餐美食选择太少,高级大床房,0.0,0.5622000098228455,"服务, 房间, 升级, 入住, 免费, 早餐, 热情, 推荐, 满意, 不错","['位置', '自助餐', '美食', '选择', '太', '少']",服务,26,1.5,13481,3
H26,2020-06-13,常客了，酒店小李，小纪，小覃，小容服务很好,高级双床房,1.0,0.4902999997138977,"服务, 干净, 卫生, 房间, 特别, 热情, 温泉, 整洁, 喜欢, 入住","['常客', '李', '小纪', '小覃', '小容', '服务']",卫生,26,1.5,13482,3
H26,2020-06-14,多次入住，服务很好，大堂经理小朱办理入住时笑容很亲和，下次出差继续选**。,高级双床房,0.0,0.5738000273704529,"服务, 房间, 升级, 入住, 免费, 早餐, 热情, 推荐, 满意, 不错","['入住', '服务', '经理', '朱', '办理', '入住', '时', '笑容', '亲', '下次', '出差', '选']",服务,26,1.5,13483,3
H26,2020-06-15,性价比高 离深圳湾公园 欢乐海岸 **城近,高级双床房,3.0,0.6021999716758728,"住, 舒服, 房间, 感觉, 入住, 性价比, 下次, 太, 床, 高","['性价比', '高', '深圳湾', '公园', '欢乐', '海岸', '城近']",性价比,26,1.0,13484,2
H26,2020-06-16,前台小纪服务很好，很热情，下次会继续选择入住！,高级双床房,1.0,0.8769999742507935,"服务, 干净, 卫生, 房间, 特别, 热情, 温泉, 整洁, 喜欢, 入住","['小纪', '服务', '热情', '下次', '选择', '入住']",卫生,26,1.0,13485,2
H26,2020-06-16,前台CINDY和小舒服务非常好，继续选择再次入住,高级双床房,0.0,0.8130999803543091,"服务, 房间, 升级, 入住, 免费, 早餐, 热情, 推荐, 满意, 不错","['和小舒', '服务', '选择', '入住']",服务,26,1.5,13486,3
H26,2020-06-16,值班经理ALLEN处理事情非常专业,高级双床房,6.0,0.5807999968528748,"房间, 差, 服务态度, 入住, 疫情, 空调, 太, 期间, 点, 体验","['值班', '经理', '事情', '专业']",设施,26,1.5,13487,3
H26,2020-06-16,前台CINDY和ABBY服务非常好,高级双床房,1.0,0.5706999897956848,"服务, 干净, 卫生, 房间, 特别, 热情, 温泉, 整洁, 喜欢, 入住",['服务'],卫生,26,1.5,13488,3
H26,2020-06-16,前台小谢和小邱服务很贴心，谢谢,高级双床房,1.0,0.8568999767303467,"服务, 干净, 卫生, 房间, 特别, 热情, 温泉, 整洁, 喜欢, 入住","['小谢', '小邱', '服务', '贴心', '谢谢']",卫生,26,1.0,13489,2
H26,2020-06-16,不错的环境和位置,高级双床房,5.0,0.7856000065803528,"不错, 环境, 服务, 早餐, 位置, 交通, 设施, 房间, 性价比, 高","['不错', '环境', '位置']",性价比,26,1.5,13490,3
H26,2020-06-16,酒店干净利落,高级双床房,3.0,0.5708000063896179,"住, 舒服, 房间, 感觉, 入住, 性价比, 下次, 太, 床, 高",['干净利落'],性价比,26,1.5,13491,3
H26,2020-06-16,酒店环境非常好。,高级双床房,5.0,0.5713000297546387,"不错, 环境, 服务, 早餐, 位置, 交通, 设施, 房间, 性价比, 高",['环境'],性价比,26,1.5,13492,3
H26,2020-06-17,前台小程，小纪，小覃，小容，小朱服务很好,高级双床房,1.0,0.8770999908447266,"服务, 干净, 卫生, 房间, 特别, 热情, 温泉, 整洁, 喜欢, 入住","['程', '小纪', '小覃', '小容', '朱', '服务']",卫生,26,1.5,13493,3
H26,2020-06-17,酒店位置位于市中心地段，外出购物非常的方便，酒店的大堂装修豪华，进去以后给客人的视野非常开阔。同时服务员也很热情几乎对于客人的要求是有求必应，是一个值得推荐的酒店。酒店房间的设施非常先进，同时房间里面的卫生也很干净，诺大的落地窗可以看到整个城市的夜景，酒店房间里面的床也很舒适，是一次非常不错的入住体验。,高级大床房,5.0,0.3127000033855438,"不错, 环境, 服务, 早餐, 位置, 交通, 设施, 房间, 性价比, 高","['位置', '位于', '市中心', '地段', '外出', '购物', '装修', '豪华', '客人', '视野', '开阔', '服务员', '热情', '客人', '有求必应', '值得', '推荐', '房间', '设施', '先进', '房间', '卫生', '干净', '诺大', '落地窗', '城市', '夜景', '房间', '床', '舒适', '不错', '入住', '体验']",性价比,26,6.0,13494,5
H26,2020-06-17,旧了 高级双床 床太小一米吧,高级双床房,3.0,0.5806000232696533,"住, 舒服, 房间, 感觉, 入住, 性价比, 下次, 太, 床, 高","['旧', '高级', '双床', '床', '太小', '一米']",性价比,26,1.0,13495,2
H26,2020-06-17,房间老旧，与同类型比较差点,豪华双床房,2.0,0.6075000166893005,"房间, 位置, 旧, 地理位置, 住, 设施, 机场, 早餐, 出行, 出差","['房间', '旧', '类型', '差点']",位置,26,1.5,13496,3
H26,2020-06-18,这个酒店距离深圳市交通运输局很近，方便到深圳市交通运输局出差，酒店交通方便，周围吃饭也很方便，房间布局很合理舒适,高级大床房,2.0,0.8546000123023987,"房间, 位置, 旧, 地理位置, 住, 设施, 机场, 早餐, 出行, 出差","['距离', '深圳市', '交通运输', '局', '深圳市', '交通运输', '局', '出差', '交通', '吃饭', '房间', '布局', '舒适']",位置,26,1.0,13497,2
H26,2020-06-18,多次入住这个酒店，早餐还是很不错的，也方便到深圳市交通运输局出差，距离深圳市交通运输局很近，布草舒适,豪华大床房,2.0,0.7566999793052673,"房间, 位置, 旧, 地理位置, 住, 设施, 机场, 早餐, 出行, 出差","['入住', '早餐', '不错', '深圳市', '交通运输', '局', '出差', '距离', '深圳市', '交通运输', '局', '布草', '舒适']",位置,26,1.0,13498,2
H26,2020-06-18,这个酒店早餐还是很不错的，也方便到深圳市交通运输局出差，距离深圳市交通运输局很近，房间布局很合理舒适,高级双床房,2.0,0.8579000234603882,"房间, 位置, 旧, 地理位置, 住, 设施, 机场, 早餐, 出行, 出差","['早餐', '不错', '深圳市', '交通运输', '局', '出差', '距离', '深圳市', '交通运输', '局', '房间', '布局', '舒适']",位置,26,1.0,13499,2
H26,2020-06-18,这个酒店离深圳市交通运输局距离很近，对于去深圳市交通运输局的人出差方便，环境也很不错，房间布局合理舒适,高级双床房,2.0,0.8122000098228455,"房间, 位置, 旧, 地理位置, 住, 设施, 机场, 早餐, 出行, 出差","['深圳市', '交通运输', '局', '距离', '深圳市', '交通运输', '局', '出差', '环境', '不错', '房间', '布局合理', '舒适']",位置,26,1.0,13500,2
H26,2020-06-18,住了一晚上，半夜三点多被类似出类似喇叭的长鸣声音惊醒，然后反复出现类似刷卡的声音，以为有人要闯进来，打电话给前台查看无人在门外，然后睡了半小时又被类似喇叭的声音叫醒，然后又是刷卡的声音，一个大老爷们都要被吓死了，服务人员上门说刷卡的声音可能是空调导致，但是那喇叭声音不知道是什么，然后协调换了个房间，这一晚真是心惊肉跳，半夜还搬行李换房间，以后再也不敢住了,高级大床房,6.0,0.3869999945163727,"房间, 差, 服务态度, 入住, 疫情, 空调, 太, 期间, 点, 体验","['住', '晚上', '半夜', '三点', '类似', '类似', '喇叭', '长鸣', '声音', '惊醒', '反复', '类似', '刷卡', '声音', '有人', '闯进来', '打电话', '查看', '无人', '门外', '睡', '半小时', '类似', '喇叭', '声音', '叫醒', '刷卡', '声音', '大老爷们', '吓死', '服务', '人员', '上门', '刷卡', '声音', '空调', '导致', '喇叭', '声音', '协调', '换', '房间', '这一', '晚', '心惊肉跳', '半夜', '搬', '行李', '换', '房间', '再也', '住']",设施,26,-3.0,13501,1
H26,2020-06-18,酒店服务非常好,高级双床房,1.0,0.5706999897956848,"服务, 干净, 卫生, 房间, 特别, 热情, 温泉, 整洁, 喜欢, 入住",['服务'],卫生,26,1.5,13502,3
H26,2020-06-18,沈丽华服务好,高级双床房,1.0,0.6316999793052673,"服务, 干净, 卫生, 房间, 特别, 热情, 温泉, 整洁, 喜欢, 入住","['沈丽华', '服务']",卫生,26,1.5,13503,3
H26,2020-06-20,还不错，交通位置不错,豪华大床房,5.0,0.828499972820282,"不错, 环境, 服务, 早餐, 位置, 交通, 设施, 房间, 性价比, 高","['不错', '交通', '位置', '不错']",性价比,26,1.5,13504,3
H26,2020-06-20,下雨到酒店程鹏帮助拿行李 金经理给升级海景房景色好赞,高级大床房,4.0,0.4203000068664551,"房, 旅游, 服, 时, 房间, 好评, 游玩, 套房, 选择, 订","['下雨', '程鹏', '行李', '金', '经理', '升级', '海景房', '景色', '赞']",设施,26,1.5,13505,3
H26,2020-06-20,程鹏下雨帮助拿行李赞金经理给升级看海房效果好下次还回来,高级大床房,4.0,0.6532999873161316,"房, 旅游, 服, 时, 房间, 好评, 游玩, 套房, 选择, 订","['程鹏', '下雨', '行李', '赞金', '经理', '升级', '海房', '效果', '下次', '回来']",设施,26,1.5,13506,3
H26,2020-06-20,交通方便，入住体验很好，酒店员工们很好，特别感谢前台的Emily，Cindy，Leo，下次还会再来入住,高级双床房,0.0,0.7876999974250793,"服务, 房间, 升级, 入住, 免费, 早餐, 热情, 推荐, 满意, 不错","['交通', '入住', '体验', '员工', '特别感谢', '下次', '入住']",服务,26,1.5,13507,3
H26,2020-06-20,非常好，升级了房间,豪华大床房,0.0,0.7135000228881836,"服务, 房间, 升级, 入住, 免费, 早餐, 热情, 推荐, 满意, 不错","['升级', '房间']",服务,26,1.5,13508,3
H26,2020-06-20,好！管理规范化,高级双床房,6.0,0.5873000025749207,"房间, 差, 服务态度, 入住, 疫情, 空调, 太, 期间, 点, 体验","['管理', '规范化']",设施,26,1.0,13509,2
H26,2020-06-21,位置很棒，进出城都方便,高级大床房,3.0,0.4927999973297119,"住, 舒服, 房间, 感觉, 入住, 性价比, 下次, 太, 床, 高","['位置', '很棒', '进出', '城']",性价比,26,1.0,13510,2
H26,2020-06-21,老牌五星级酒店了，雅高集团的，服务到位。设施稍显陈旧,湾景套房,5.0,0.6520000100135803,"不错, 环境, 服务, 早餐, 位置, 交通, 设施, 房间, 性价比, 高","['老牌', '五星级', '雅高', '集团', '服务到位', '设施', '稍', '显', '陈旧']",性价比,26,-1.0,13511,1
H26,2020-06-22,朋友说还可以,高级双床房,0.0,0.5713000297546387,"服务, 房间, 升级, 入住, 免费, 早餐, 热情, 推荐, 满意, 不错",['朋友'],服务,26,1.5,13512,3
H26,2020-06-23,房子不错，价格不错。,高级双床房,5.0,0.6078000068664551,"不错, 环境, 服务, 早餐, 位置, 交通, 设施, 房间, 性价比, 高","['房子', '不错', '价格', '不错']",性价比,26,1.5,13513,3
H26,2020-06-23,虽然酒店是老酒店了，但是入住体验相当温馨，麻雀虽小五脏俱全，这个价位还是性价比非常高的啦，酒店很干净，离地铁口很近，非常推荐哦！,高级双床房,3.0,0.4630999863147735,"住, 舒服, 房间, 感觉, 入住, 性价比, 下次, 太, 床, 高","['入住', '体验', '温馨', '麻雀虽小', '五脏俱全', '价位', '性价比', '高', '干净', '地铁口', '推荐']",性价比,26,2.0,13514,4
H26,2020-06-25,交通方便，性价比高,高级大床房,5.0,0.7856000065803528,"不错, 环境, 服务, 早餐, 位置, 交通, 设施, 房间, 性价比, 高","['交通', '性价比', '高']",性价比,26,1.5,13515,3
H26,2020-06-25,交通便利，环境温馨，服务热情,高级大床房,5.0,0.7106000185012817,"不错, 环境, 服务, 早餐, 位置, 交通, 设施, 房间, 性价比, 高","['交通', '便利', '环境', '温馨', '服务', '热情']",性价比,26,3.0,13516,5
H26,2020-06-25,附近办事方便,高级双床房,5.0,0.5713000297546387,"不错, 环境, 服务, 早餐, 位置, 交通, 设施, 房间, 性价比, 高",['办事'],性价比,26,1.5,13517,3
H26,2020-06-25,离华强北近，挺方便,高级大床房,5.0,0.570900022983551,"不错, 环境, 服务, 早餐, 位置, 交通, 设施, 房间, 性价比, 高",['华强北'],性价比,26,1.5,13518,3
H26,2020-06-26,各方面都不错，但作为五星级酒店，好像还差点！,高级双床房,6.0,0.4036000072956085,"房间, 差, 服务态度, 入住, 疫情, 空调, 太, 期间, 点, 体验","['不错', '五星级', '好像', '差点']",设施,26,1.5,13519,3
H26,2020-06-27,酒店服务很好，晚上2点入住，办理入住的前台李雪莹很认真，态度也很好，酒店视野也非常棒！,高级双床房,0.0,0.5809000134468079,"服务, 房间, 升级, 入住, 免费, 早餐, 热情, 推荐, 满意, 不错","['服务', '晚上', '点', '入住', '办理', '入住', '李雪莹', '态度', '视野', '棒']",服务,26,1.5,13520,3
H26,2020-06-27,大堂经理小朱服务非常好，超级满意，人又漂亮温柔,高级双床房,0.0,0.4806999862194061,"服务, 房间, 升级, 入住, 免费, 早餐, 热情, 推荐, 满意, 不错","['经理', '朱', '服务', '超级', '满意', '漂亮', '温柔']",服务,26,3.0,13521,5
H26,2020-06-27,酒店位置比较好，设施有些陈旧，淋雨生锈很难用，早餐一般，有停车场，出差还可以，度假出游不太适合,高级双床房,2.0,0.6230000257492065,"房间, 位置, 旧, 地理位置, 住, 设施, 机场, 早餐, 出行, 出差","['位置', '设施', '陈旧', '淋雨', '生锈', '难用', '早餐', '停车场', '出差', '度假', '出游', '太', '适合']",位置,26,-1.0,13522,1
H26,2020-06-28,地铁站很近，适合出差，房间较老旧。,高级双床房,2.0,0.8569999933242798,"房间, 位置, 旧, 地理位置, 住, 设施, 机场, 早餐, 出行, 出差","['地铁站', '适合', '出差', '房间', '旧']",位置,26,1.0,13523,2
H26,2020-06-28,**酒店地理位置优越，门口便有地铁一号线竹子林站及公交站。自驾的住客也不用担心车位不够，地上地下及充电车位非常充足。房间设施干净整洁，酒店服务人员热情同到，延时到午后14时退房的做法非常贴心，很不错的一次位店体验。,高级双床房,2.0,0.462799996137619,"房间, 位置, 旧, 地理位置, 住, 设施, 机场, 早餐, 出行, 出差","['地理位置', '优越', '门口', '地铁', '一号线', '竹子林', '站', '公交站', '自驾', '住客', '不用', '担心', '车位', '地上', '地下', '充电', '车位', '充足', '房间', '设施', '干净', '整洁', '服务', '人员', '热情', '延时', '午后', '时', '退房', '做法', '贴心', '不错', '位店', '体验']",位置,26,2.0,13524,4
H26,2020-06-29,这价格，没得说。在深圳的繁华地段，这种档次的酒店，三百多的价格，性价比实在高。酒店绝对四星级以上标准。非常满意。,高级双床房,5.0,0.4801999926567077,"不错, 环境, 服务, 早餐, 位置, 交通, 设施, 房间, 性价比, 高","['价格', '没得说', '深圳', '繁华', '地段', '档次', '三百多', '价格', '性价比', '实在', '高', '四星级', '标准', '满意']",性价比,26,1.0,13525,2
H26,2020-07-01,早餐真心不怎么样，还要收168元，我住了四天，第二天就不想吃店里的早餐了，但是问酒店还不让退，说是价格优惠过了??????，酒店的配套设施都非常老旧了，床头没有能充电的插孔，开灯和关灯的按钮分别在两个床的床侧，卫生间的排风扇坏了，通知两点以后来修也没有人来，酒店的游泳池疫情期间只开放到晚上八点，健身房也是。大厅看着还挺不错，但是舍不得放冷气，登记入驻把人热的出一身汗。还有好多好多小问题，就不一一列举了。,高级大床房,3.0,0.2949000000953674,"住, 舒服, 房间, 感觉, 入住, 性价比, 下次, 太, 床, 高","['早餐', '真心', '不怎么样', '收元', '住', '四天', '第二天', '不想', '吃', '店里', '早餐', '问', '不让', '退', '价格', '优惠', '配套', '设施', '旧', '床头', '充电', '插孔', '开灯', '关灯', '按钮', '两个', '床', '床侧', '卫生间', '排风扇', '坏', '通知', '两点', '来修', '游泳池', '疫情', '期间', '开放', '晚上', '八点', '健身房', '大厅', '看着', '挺不错', '舍不得', '放', '冷气', '登记', '入驻', '热', '一身', '汗', '好多好多', '一一列举']",性价比,26,2.0,13526,4
H26,2020-07-02,酒店是很老了，西餐厅亮点，装修的大气富丽堂皇，西餐出品也很不错，疫情过后厨师看的出比较用心！这家酒店的地理位置实在是太好了，出门就是地铁.反而打的很不方便，师傅不认路找不到入口,高级双床房,2.0,0.4106999933719635,"房间, 位置, 旧, 地理位置, 住, 设施, 机场, 早餐, 出行, 出差","['西餐厅', '亮点', '装修', '大气', '富丽堂皇', '西餐', '出品', '不错', '疫情', '过后', '厨师', '用心', '这家', '地理位置', '实在', '太好了', '出门', '地铁', '师傅', '认路', '找', '不到', '入口']",位置,26,2.0,13527,4
H26,2020-07-03,多次入住了 也提出过很多意见及建议 改进不多，很慢，估计疫情也有影响！ 不过客户经理Eric很热心 帮忙 解决了不少问题 给赞！,豪华大床房,1.0,0.4223999977111816,"服务, 干净, 卫生, 房间, 特别, 热情, 温泉, 整洁, 喜欢, 入住","['入住', '提出', '意见', '建议', '改进', '慢', '估计', '疫情', '影响', '客户经理', '热心', '帮忙', '解决', '赞']",卫生,26,3.0,13528,5
H26,2020-07-03,多次入住 也提出过很多意见及建议 改进不多，很慢，估计疫情也有影响！ 不过客户经理Eric很热心 帮忙 解决了不少问题 给赞！,豪华大床房,1.0,0.4223999977111816,"服务, 干净, 卫生, 房间, 特别, 热情, 温泉, 整洁, 喜欢, 入住","['入住', '提出', '意见', '建议', '改进', '慢', '估计', '疫情', '影响', '客户经理', '热心', '帮忙', '解决', '赞']",卫生,26,3.0,13529,5
H26,2020-07-04,总体还不错 就是酒店稍微有点旧了。,高级双床房,2.0,0.5231000185012817,"房间, 位置, 旧, 地理位置, 住, 设施, 机场, 早餐, 出行, 出差","['总体', '不错', '稍微', '旧']",位置,26,1.5,13530,3
H26,2020-07-04,性价比还行,高级大床房,5.0,0.7141000032424927,"不错, 环境, 服务, 早餐, 位置, 交通, 设施, 房间, 性价比, 高","['性价比', '行']",性价比,26,1.5,13531,3
H26,2020-07-04,性价比算是可以,高级双床房,3.0,0.7139999866485596,"住, 舒服, 房间, 感觉, 入住, 性价比, 下次, 太, 床, 高","['性价比', '算是']",性价比,26,1.5,13532,3
H26,2020-07-04,酒店位置不错，离竹子林地铁站和福田汽车站都很近；去车公庙附近办事很方便。房间挺干净，房价合适，好评,高级双床房,5.0,0.4544000029563904,"不错, 环境, 服务, 早餐, 位置, 交通, 设施, 房间, 性价比, 高","['位置', '不错', '竹子林', '地铁站', '福田', '汽车站', '车', '公庙', '办事', '房间', '干净', '房价', '合适', '好评']",性价比,26,1.0,13533,2
H26,2020-07-04,酒店太久的楼龄太旧了，入住的房间门缝上都是灰，地毯的边缘都起毛球了，尤其是睇下停车场，走道到电梯之间一大股下水道馊了的气味，原定住两晚，住完一晚就走了,高级大床房,2.0,0.65420001745224,"房间, 位置, 旧, 地理位置, 住, 设施, 机场, 早餐, 出行, 出差","['太久', '楼龄', '太旧', '入住', '房间', '门缝', '灰', '地毯', '边缘', '起毛', '球', '睇', '停车场', '走道', '电梯', '之间', '一大', '股', '下水道', '馊', '气味', '原定', '住', '两', '晚', '住', '一晚', '走']",位置,26,1.5,13534,3
H26,2020-07-04,前台小沈服务好,高级双床房,1.0,0.7131999731063843,"服务, 干净, 卫生, 房间, 特别, 热情, 温泉, 整洁, 喜欢, 入住","['沈', '服务']",卫生,26,1.5,13535,3
H26,2020-07-04,床上不知道有什么虫子（确定不是蚊子），把我手臂咬成这样，卫生间有异味，床头居然没有充电插头，得把床头柜移开才能充电……作为华住会豪华型酒店，真的不应该这样,高级双床房,6.0,0.4677000045776367,"房间, 差, 服务态度, 入住, 疫情, 空调, 太, 期间, 点, 体验","['床上', '虫子', '蚊子', '手臂', '咬成', '卫生间', '异味', '床头', '充电', '插头', '床头柜', '移开', '充电', '华', '住', '豪华型', '真的']",设施,26,-1.0,13536,1
H26,2020-07-05,酒店住宿很惬意！感谢李帆女士的精心安排,高级双床房,0.0,0.7059000134468079,"服务, 房间, 升级, 入住, 免费, 早餐, 热情, 推荐, 满意, 不错","['住宿', '惬意', '感谢', '李帆', '女士', '精心安排']",服务,26,2.0,13537,4
H26,2020-07-05,酒店安静舒适。,高级双床房,5.0,0.7138000130653381,"不错, 环境, 服务, 早餐, 位置, 交通, 设施, 房间, 性价比, 高","['安静', '舒适']",性价比,26,2.0,13538,4
H26,2020-07-05,定的高级双床房，酒店免费升级为豪华双床房，可以看到大海。酒店房间布局非常温馨，给100个??。强烈推荐！,高级双床房,0.0,0.5146999955177307,"服务, 房间, 升级, 入住, 免费, 早餐, 热情, 推荐, 满意, 不错","['高级', '双床', '房', '免费', '升级', '豪华', '双床', '房', '大海', '房间', '布局', '温馨', '强烈推荐']",服务,26,4.0,13539,5
H26,2020-07-06,交通方便，卫生干净。,高级大床房,1.0,0.54830002784729,"服务, 干净, 卫生, 房间, 特别, 热情, 温泉, 整洁, 喜欢, 入住","['交通', '卫生', '干净']",卫生,26,1.0,13540,2
H26,2020-07-06,前台EMILY JOY FOLYED CINDY 在入住期间服务非常好下次还会入住,高级大床房,1.0,0.5636000037193298,"服务, 干净, 卫生, 房间, 特别, 热情, 温泉, 整洁, 喜欢, 入住","['入住', '期间', '服务', '下次', '入住']",卫生,26,1.5,13541,3
H26,2020-07-06,交通便利，环境干净优雅！,高级双床房,5.0,0.515999972820282,"不错, 环境, 服务, 早餐, 位置, 交通, 设施, 房间, 性价比, 高","['交通', '便利', '环境', '干净', '优雅']",性价比,26,2.0,13542,4
H26,2020-07-07,性价比很高,高级大床房,5.0,0.7139999866485596,"不错, 环境, 服务, 早餐, 位置, 交通, 设施, 房间, 性价比, 高","['性价比', '高']",性价比,26,1.5,13543,3
H26,2020-07-07,浴室非常简陋，只有一个喷头底下还接了浴缸。。。晚上门口测温的服务员没有帮忙提行李，地毯脏,高级大床房,2.0,0.4259000122547149,"房间, 位置, 旧, 地理位置, 住, 设施, 机场, 早餐, 出行, 出差","['浴室', '简陋', '喷头', '底下', '接', '浴缸', '晚上', '门口', '测温', '服务员', '帮忙', '提', '行李', '地毯', '脏']",位置,26,-1.0,13544,1
H26,2020-07-08,酒店交通便利，感谢值班经理小周和礼宾部的小邱，前台经理小常和小黄的热情接待，下次会再入住。,高级双床房,1.0,0.5285999774932861,"服务, 干净, 卫生, 房间, 特别, 热情, 温泉, 整洁, 喜欢, 入住","['交通', '便利', '感谢', '值班', '经理', '小周', '礼宾', '部', '邱', '经理', '小常', '小黄', '热情接待', '下次', '入住']",卫生,26,2.0,13545,4
H26,2020-07-08,潮湿阴冷潮湿,高级大床房,3.0,0.7685999870300293,"住, 舒服, 房间, 感觉, 入住, 性价比, 下次, 太, 床, 高","['潮湿', '阴冷', '潮湿']",性价比,26,-1.0,13546,1
H26,2020-07-10,总体来说还不错,高级大床房,5.0,0.7141000032424927,"不错, 环境, 服务, 早餐, 位置, 交通, 设施, 房间, 性价比, 高","['总体', '不错']",性价比,26,1.5,13547,3
H26,2020-07-10,其他还行，地理位置也还好，就是正对床的位置一面大镜子是什么鬼情况？？,高级双床房,3.0,0.4747999906539917,"住, 舒服, 房间, 感觉, 入住, 性价比, 下次, 太, 床, 高","['行', '地理位置', '还好', '正', '床', '位置', '镜子', '鬼', '情况']",性价比,26,1.5,13548,3
H26,2020-07-11,设施有点久，不过价格很合理，房间特别大。地铁一出来就是酒店门口，去附近景点坐地铁都很方便。酒店看出来景观还不错,豪华双床房,5.0,0.3752000033855438,"不错, 环境, 服务, 早餐, 位置, 交通, 设施, 房间, 性价比, 高","['设施', '久', '价格', '房间', '特别', '地铁', '门口', '坐地铁', '景观', '不错']",性价比,26,1.0,13549,2
H26,2020-07-11,设备比较陈旧，花洒坏了都不更换,高级大床房,2.0,0.8452000021934509,"房间, 位置, 旧, 地理位置, 住, 设施, 机场, 早餐, 出行, 出差","['设备', '陈旧', '花', '洒坏', '更换']",位置,26,-1.0,13550,1
H26,2020-07-11,住所很安静，干净舒适，很??,高级大床房,6.0,0.5131999850273132,"房间, 差, 服务态度, 入住, 疫情, 空调, 太, 期间, 点, 体验","['住所', '安静', '干净', '舒适']",设施,26,2.0,13551,4
H26,2020-07-11,房间也很干净 非常好,高级大床房,1.0,0.713699996471405,"服务, 干净, 卫生, 房间, 特别, 热情, 温泉, 整洁, 喜欢, 入住","['房间', '干净']",卫生,26,1.5,13552,3
H26,2020-07-11,酒店卫生，服务都很不错！,高级大床房,1.0,0.4278999865055084,"服务, 干净, 卫生, 房间, 特别, 热情, 温泉, 整洁, 喜欢, 入住","['卫生', '服务', '不错']",卫生,26,1.0,13553,2
H26,2020-07-12,位置不错，设施有些老旧,高级大床房,5.0,0.828000009059906,"不错, 环境, 服务, 早餐, 位置, 交通, 设施, 房间, 性价比, 高","['位置', '不错', '设施', '旧']",性价比,26,1.5,13554,3
H26,2020-07-12,酒店交通便利，服务好，下次深圳出差还来住。,高级大床房,5.0,0.388399988412857,"不错, 环境, 服务, 早餐, 位置, 交通, 设施, 房间, 性价比, 高","['交通', '便利', '服务', '下次', '深圳', '出差', '住']",性价比,26,1.0,13555,2
H26,2020-07-12,档次OK，位置便利。设备稍旧，床头居然没有插座。不过一次性用品数量齐全，毛巾也挺舒服。重点是双床房是两张大床，非常宽敞,豪华双床房,2.0,0.4523999989032745,"房间, 位置, 旧, 地理位置, 住, 设施, 机场, 早餐, 出行, 出差","['档次', '位置', '便利', '设备', '稍旧', '床头', '插座', '一次性', '用品', '数量', '齐全', '毛巾', '挺舒服', '重点', '双', '床房', '两张', '大床', '宽敞']",位置,26,1.0,13556,2
H26,2020-07-13,地理位置得天独厚。不仅机场过来方便，门口就是地铁，出行更方便。早餐很丰富，环境服务都比较满意。但干嘛名字要起“银座”呢？,高级大床房,2.0,0.5598000288009644,"房间, 位置, 旧, 地理位置, 住, 设施, 机场, 早餐, 出行, 出差","['地理位置', '机场', '门口', '地铁', '出行', '早餐', '环境', '服务', '比较满意', '干嘛', '名字', '要起', '银座']",位置,26,1.5,13557,3
H26,2020-07-13,服务挺到位,高级大床房,1.0,0.7138000130653381,"服务, 干净, 卫生, 房间, 特别, 热情, 温泉, 整洁, 喜欢, 入住","['服务', '到位']",卫生,26,1.5,13558,3
H26,2020-07-13,大堂经理小朱很好！,高级大床房,0.0,0.6615999937057495,"服务, 房间, 升级, 入住, 免费, 早餐, 热情, 推荐, 满意, 不错","['经理', '小朱']",服务,26,1.5,13559,3
H26,2020-07-13,可能是疫情问题，感觉整个服务质量下了一个档次。7点开始的早餐，居然到了7:10，吃的东西和服务人员都未到位。,高级大床房,1.0,0.6050999760627747,"服务, 干净, 卫生, 房间, 特别, 热情, 温泉, 整洁, 喜欢, 入住","['疫情', '感觉', '服务质量', '档次', '点', '早餐', '吃', '东西', '服务', '人员', '未', '到位']",卫生,26,-1.0,13560,1
H26,2020-07-14,地理位置得天独厚，可以看见深圳湾，地铁站就在附近，闹中取静的好选择,高级大床房,2.0,0.8569999933242798,"房间, 位置, 旧, 地理位置, 住, 设施, 机场, 早餐, 出行, 出差","['地理位置', '深圳湾', '地铁站', '闹中取静', '选择']",位置,26,1.5,13561,3
H26,2020-07-14,早餐一般，服务还是不错，位置好,高级双床房,5.0,0.8284000158309937,"不错, 环境, 服务, 早餐, 位置, 交通, 设施, 房间, 性价比, 高","['早餐', '服务', '不错', '位置']",性价比,26,1.5,13562,3
H26,2020-07-15,服务态度好,高级双床房,6.0,0.570900022983551,"房间, 差, 服务态度, 入住, 疫情, 空调, 太, 期间, 点, 体验",['服务态度'],设施,26,1.5,13563,3
H26,2020-07-15,一般般，管理太差，像全季,高级双床房,6.0,0.6802999973297119,"房间, 差, 服务态度, 入住, 疫情, 空调, 太, 期间, 点, 体验","['一般般', '管理', '太', '差', '全季']",设施,26,1.0,13564,2
H26,2020-07-16,环境不错位置福田中心区,高级大床房,5.0,0.4866000115871429,"不错, 环境, 服务, 早餐, 位置, 交通, 设施, 房间, 性价比, 高","['环境', '不错', '位置', '福田', '中心区']",性价比,26,1.5,13565,3
H26,2020-07-16,老顾客了，一直不错！,高级双床房,4.0,0.3808999955654144,"房, 旅游, 服, 时, 房间, 好评, 游玩, 套房, 选择, 订","['顾客', '不错']",设施,26,1.5,13566,3
H26,2020-07-16,来深圳一直习惯住这个酒店，五星商务酒店，各方面都还过得去，临近深南大道，和广深高速福田出口，交通超级便利。房间里可以看到红树林的内海，风景也很不错。唯一遗憾的是这次房间的窗帘有点小瑕疵，两边分离了不能有效阻止光线，体验略差。,豪华大床房,2.0,0.3370999991893768,"房间, 位置, 旧, 地理位置, 住, 设施, 机场, 早餐, 出行, 出差","['深圳', '习惯', '住', '五星', '商务酒店', '还过得去', '临近', '深南', '大道', '广深高速', '福田', '出口', '交通', '超级', '便利', '房间', '里', '红树林', '内海', '风景', '不错', '唯一', '遗憾', '房间', '窗帘', '瑕疵', '两边', '分离', '阻止', '光线', '体验', '差']",位置,26,-2.0,13567,1
H26,2020-07-16,早餐丰盛，有免费停车场，位置好,高级双床房,5.0,0.8567000031471252,"不错, 环境, 服务, 早餐, 位置, 交通, 设施, 房间, 性价比, 高","['早餐', '丰盛', '免费', '停车场', '位置']",性价比,26,1.0,13568,2
H26,2020-07-17,交通便利，住房舒适！,高级大床房,5.0,0.6220999956130981,"不错, 环境, 服务, 早餐, 位置, 交通, 设施, 房间, 性价比, 高","['交通', '便利', '住房', '舒适']",性价比,26,2.0,13569,4
H26,2020-07-17,酒店性价比还可以,豪华大床房,5.0,0.5709999799728394,"不错, 环境, 服务, 早餐, 位置, 交通, 设施, 房间, 性价比, 高",['性价比'],性价比,26,1.5,13570,3
H26,2020-07-17,环境好、服务非常好,高级大床房,5.0,0.7139999866485596,"不错, 环境, 服务, 早餐, 位置, 交通, 设施, 房间, 性价比, 高","['环境', '服务']",性价比,26,1.5,13571,3
H26,2020-07-18,现在早餐很有限啊，品种不多，勉强能吃饱。酒店设施倒是不错，保养的很不错啊。酒店可以健身和游泳啊，还是不错啊,湾景套房,5.0,0.6503000259399414,"不错, 环境, 服务, 早餐, 位置, 交通, 设施, 房间, 性价比, 高","['早餐', '有限', '品种', '勉强', '吃饱', '酒店设施', '倒', '不错', '保养', '不错', '健身', '游泳', '不错']",性价比,26,-1.0,13572,1
H26,2020-07-18,酒店不错啊，游泳健身都有。现在疫情期间早餐一般啊。不过现在价格比较便宜实惠的。疫情期间出差真是不方便啊。,高级大床房,5.0,0.382099986076355,"不错, 环境, 服务, 早餐, 位置, 交通, 设施, 房间, 性价比, 高","['不错', '游泳', '健身', '疫情', '期间', '早餐', '价格', '便宜', '实惠', '疫情', '期间', '出差']",性价比,26,1.0,13573,2
H26,2020-07-18,房间挺旧的,高级大床房,6.0,0.7131999731063843,"房间, 差, 服务态度, 入住, 疫情, 空调, 太, 期间, 点, 体验","['房间', '挺旧']",设施,26,1.5,13574,3
H26,2020-07-18,很不错 服务很不错,高级双床房,5.0,0.7854999899864197,"不错, 环境, 服务, 早餐, 位置, 交通, 设施, 房间, 性价比, 高","['不错', '服务', '不错']",性价比,26,1.5,13575,3
H26,2020-07-19,没专票，其它还行，，，，，。，，，。，，，冫，，，，，，，，，，，，，，，，，，，，，，，，，，，，，，，，，，，,高级大床房,5.0,0.7567999958992004,"不错, 环境, 服务, 早餐, 位置, 交通, 设施, 房间, 性价比, 高","['专票', '行', '冫']",性价比,26,1.5,13576,3
H26,2020-07-19,老五星，有点旧，除了大堂，其它都要重新装修了,高级大床房,2.0,0.7853000164031982,"房间, 位置, 旧, 地理位置, 住, 设施, 机场, 早餐, 出行, 出差","['五星', '旧', '装修']",位置,26,1.5,13577,3
H26,2020-07-19,一直住这里了小朱小沈小邱服务很好,高级双床房,1.0,0.8190000057220459,"服务, 干净, 卫生, 房间, 特别, 热情, 温泉, 整洁, 喜欢, 入住","['住', '朱', '沈小邱', '服务']",卫生,26,1.5,13578,3
H26,2020-07-19,小薛小闭小朱服务很好,高级双床房,1.0,0.8179000020027161,"服务, 干净, 卫生, 房间, 特别, 热情, 温泉, 整洁, 喜欢, 入住","['薛', '闭', '朱', '服务']",卫生,26,1.5,13579,3
H26,2020-07-19,老牌酒店，应该要重新装修了！,高级大床房,2.0,0.713699996471405,"房间, 位置, 旧, 地理位置, 住, 设施, 机场, 早餐, 出行, 出差","['老牌', '装修']",位置,26,1.5,13580,3
H26,2020-07-19,很不错 早餐一般,高级双床房,5.0,0.7141000032424927,"不错, 环境, 服务, 早餐, 位置, 交通, 设施, 房间, 性价比, 高","['不错', '早餐']",性价比,26,1.5,13581,3
H26,2020-07-19,小朱服务很好,高级双床房,1.0,0.7139999866485596,"服务, 干净, 卫生, 房间, 特别, 热情, 温泉, 整洁, 喜欢, 入住","['朱', '服务']",卫生,26,1.5,13582,3
H26,2020-07-20,虽然设施有些旧，但整体还算五星级。房间设计合理，清洁做的很好，空调给力，停车场有室外和室内，做为商务出差的酒店还是不错的。,高级大床房,2.0,0.8392999768257141,"房间, 位置, 旧, 地理位置, 住, 设施, 机场, 早餐, 出行, 出差","['设施', '旧', '整体', '算', '五星级', '房间', '设计', '清洁', '做', '很好', '空调', '力', '停车场', '室外', '室内', '做', '商务', '出差', '不错']",位置,26,1.0,13583,2
H26,2020-07-20,酒店比较老，早上10点多有付费的洗衣服务来敲门，个人觉得这个服务并不好,高级大床房,1.0,0.4284999966621399,"服务, 干净, 卫生, 房间, 特别, 热情, 温泉, 整洁, 喜欢, 入住","['早上', '点', '付费', '洗衣', '服务', '敲门', '服务', '不好']",卫生,26,-1.0,13584,1
H26,2020-07-20,游泳池和健身房都开放了，可以用。房间空调不错。在深圳空调必须要给力呀。早餐目前没有完全恢复，品种不多。,湾景套房,5.0,0.4210000038146972,"不错, 环境, 服务, 早餐, 位置, 交通, 设施, 房间, 性价比, 高","['游泳池', '健身房', '开放', '房间', '空调', '不错', '深圳', '空调', '力', '早餐', '完全恢复', '品种']",性价比,26,1.0,13585,2
H26,2020-07-20,环境很好，设备老旧,高级大床房,5.0,0.7849000096321106,"不错, 环境, 服务, 早餐, 位置, 交通, 设施, 房间, 性价比, 高","['环境', '设备', '旧']",性价比,26,1.5,13586,3
H26,2020-07-21,游泳池大概25米长，水很温暖，一点都不用怕冷。健身房相当大，器械齐全，而且都是很贵的牌子，显然很用心。,高级双床房,2.0,0.2869000136852264,"房间, 位置, 旧, 地理位置, 住, 设施, 机场, 早餐, 出行, 出差","['游泳池', '米', '长', '水', '温暖', '一点', '不用', '怕冷', '健身房', '器械', '齐全', '很贵', '牌子', '用心']",位置,26,1.0,13587,2
H26,2020-07-23,在深圳住过大大小小很多酒店 只有这家的服务给我留下饿深刻印象。前台小纪和小朱服务很好！十分专业，亲切。让我感受到了老牌五星酒店的魅力。,高级大床房,1.0,0.7473999857902527,"服务, 干净, 卫生, 房间, 特别, 热情, 温泉, 整洁, 喜欢, 入住","['深圳', '住', '大大小小', '这家', '服务', '留下', '饿', '深刻印象', '小纪', '朱', '服务', '专业', '亲切', '感受', '老牌', '五星', '魅力']",卫生,26,2.0,13588,4
H26,2020-07-23,环境不错，酒店服务也不错，前台小叶服务很热情,高级大床房,5.0,0.8920999765396118,"不错, 环境, 服务, 早餐, 位置, 交通, 设施, 房间, 性价比, 高","['环境', '不错', '服务', '不错', '小叶', '服务', '热情']",性价比,26,1.0,13589,2
H26,2020-07-23,这个酒店的地理位置确实不错，在竹子林地铁站口，出行特别方便。房间的饮料也是赠送的，床也舒服，特别适合情侣做事。,高级大床房,2.0,0.557200014591217,"房间, 位置, 旧, 地理位置, 住, 设施, 机场, 早餐, 出行, 出差","['地理位置', '确实', '不错', '竹子林', '地铁站', '口', '出行', '特别', '房间', '饮料', '赠送', '床', '舒服', '特别', '适合', '情侣', '做事']",位置,26,5.0,13590,5
H26,2020-07-23,常文警服务很好。,豪华大床房,1.0,0.7249000072479248,"服务, 干净, 卫生, 房间, 特别, 热情, 温泉, 整洁, 喜欢, 入住","['常文', '警', '服务']",卫生,26,1.5,13591,3
H26,2020-07-24,酒店不错 性价比高 比较中规中矩，,高级双床房,5.0,0.608299970626831,"不错, 环境, 服务, 早餐, 位置, 交通, 设施, 房间, 性价比, 高","['不错', '性价比', '高', '中规中矩']",性价比,26,1.5,13592,3
H26,2020-07-24,酒店设施不错，各类方面都挺好，如果一定要指出点不足的地方，那么就是早餐有点简单，与酒店整体气质不太协调。,高级大床房,3.0,0.5085999965667725,"住, 舒服, 房间, 感觉, 入住, 性价比, 下次, 太, 床, 高","['酒店设施', '不错', '各类', '指出', '点', '早餐', '简单', '整体', '气质', '太', '协调']",性价比,26,1.0,13593,2
H26,2020-07-24,其他都好，就是门的隔音不行,高级双床房,6.0,0.5331000089645386,"房间, 差, 服务态度, 入住, 疫情, 空调, 太, 期间, 点, 体验","['门', '隔音', '不行']",设施,26,1.5,13594,3
H26,2020-07-24,环境不错，值得推荐,高级大床房,5.0,0.8282999992370605,"不错, 环境, 服务, 早餐, 位置, 交通, 设施, 房间, 性价比, 高","['环境', '不错', '值得', '推荐']",性价比,26,2.0,13595,4
H26,2020-07-24,很好，房间宽敞,豪华大床房,6.0,0.713100016117096,"房间, 差, 服务态度, 入住, 疫情, 空调, 太, 期间, 点, 体验","['房间', '宽敞']",设施,26,1.5,13596,3
H26,2020-07-25,交通方便一些,豪华大床房,5.0,0.5713000297546387,"不错, 环境, 服务, 早餐, 位置, 交通, 设施, 房间, 性价比, 高",['交通'],性价比,26,1.5,13597,3
H26,2020-07-25,客房海景风景好，让人愉悦。服务出彩，令人舒心。感谢专业的朱小姐和谢小姐周到的安排，下次一定很快再见。祝两位和酒店都发展的越来越好！,高级大床房,1.0,0.454800009727478,"服务, 干净, 卫生, 房间, 特别, 热情, 温泉, 整洁, 喜欢, 入住","['客房', '海景', '风景', '愉悦', '服务', '出彩', '令人', '舒心', '感谢', '专业', '朱', '小姐', '谢小姐', '周到', '安排', '下次', '很快', '再见', '祝', '两位', '发展', '越来越']",卫生,26,4.0,13598,5
H26,2020-07-25,环境卫生好,高级大床房,6.0,0.5709999799728394,"房间, 差, 服务态度, 入住, 疫情, 空调, 太, 期间, 点, 体验",['环境卫生'],设施,26,1.5,13599,3
H26,2020-07-26,适合出差，商务酒店，前台Emily服务好，体验很好,高级双床房,2.0,0.3310999870300293,"房间, 位置, 旧, 地理位置, 住, 设施, 机场, 早餐, 出行, 出差","['适合', '出差', '商务酒店', '服务', '体验']",位置,26,1.0,13600,2
H26,2020-07-26,虽然疫情期间，服务很好,高级双床房,6.0,0.516700029373169,"房间, 差, 服务态度, 入住, 疫情, 空调, 太, 期间, 点, 体验","['疫情', '期间', '服务']",设施,26,1.5,13601,3
H26,2020-07-26,房间干净整洁，面积很大，非常舒服。,豪华双床房,1.0,0.5001999735832214,"服务, 干净, 卫生, 房间, 特别, 热情, 温泉, 整洁, 喜欢, 入住","['房间', '干净', '整洁', '面积', '很大', '舒服']",卫生,26,2.0,13602,4
H26,2020-07-26,酒店环境优美，装修比较豪华，楼下就有地铁口，交通出行非常方便，有免费停车场，前台服务态度非常好，朋友从外地来的，住宿体验感非常不错,高级双床房,2.0,0.4314000010490417,"房间, 位置, 旧, 地理位置, 住, 设施, 机场, 早餐, 出行, 出差","['环境优美', '装修', '豪华', '楼下', '地铁口', '交通', '出行', '免费', '停车场', '服务态度', '朋友', '外地', '住宿', '体验', '感', '不错']",位置,26,2.0,13603,4
H26,2020-07-26,酒店环境非常不错，装修很豪华，周边就有地铁口，出行也很方便，前台服务态度非常好，朋友从外地过来的，住宿体验感感觉极好。,高级大床房,2.0,0.4074000120162964,"房间, 位置, 旧, 地理位置, 住, 设施, 机场, 早餐, 出行, 出差","['环境', '不错', '装修', '豪华', '周边', '地铁口', '出行', '服务态度', '朋友', '外地', '住宿', '体验', '感', '感觉', '极好']",位置,26,2.0,13604,4
H26,2020-07-26,前台小沈、小闭两位服务同到，得知家庭入住对小朋友关爱尤佳，提供优质的服务对本次入住带来无限欢乐！再次感谢你们殷情好客的服务！,高级双床房,1.0,0.6647999882698059,"服务, 干净, 卫生, 房间, 特别, 热情, 温泉, 整洁, 喜欢, 入住","['沈', '小闭', '两位', '服务', '得知', '家庭', '入住', '小朋友', '关爱', '尤佳', '提供', '优质', '服务', '本次', '入住', '带来', '无限', '欢乐', '感谢', '殷情', '好客', '服务']",卫生,26,5.0,13605,5
H26,2020-07-27,环境很好很不错,高级双床房,5.0,0.7854999899864197,"不错, 环境, 服务, 早餐, 位置, 交通, 设施, 房间, 性价比, 高","['环境', '很好', '不错']",性价比,26,1.5,13606,3
H26,2020-07-27,干净卫生，豪华,高级双床房,1.0,0.7853000164031982,"服务, 干净, 卫生, 房间, 特别, 热情, 温泉, 整洁, 喜欢, 入住","['干净', '卫生', '豪华']",卫生,26,2.0,13607,4
H26,2020-07-28,交通环境都不错,豪华双床房,5.0,0.7857000231742859,"不错, 环境, 服务, 早餐, 位置, 交通, 设施, 房间, 性价比, 高","['交通', '环境', '不错']",性价比,26,1.5,13608,3
H26,2020-07-28,硬件老旧，不升级，不送餐，前台工作人员服务能力差。,高级大床房,0.0,0.436599999666214,"服务, 房间, 升级, 入住, 免费, 早餐, 热情, 推荐, 满意, 不错","['硬件', '旧', '升级', '送餐', '工作人员', '服务', '能力差']",服务,26,1.5,13609,3
H26,2020-07-28,酒店环境还可以,豪华大床房,5.0,0.5713000297546387,"不错, 环境, 服务, 早餐, 位置, 交通, 设施, 房间, 性价比, 高",['环境'],性价比,26,1.5,13610,3
H26,2020-07-28,酒店环境可以,豪华大床房,5.0,0.5713000297546387,"不错, 环境, 服务, 早餐, 位置, 交通, 设施, 房间, 性价比, 高",['环境'],性价比,26,1.5,13611,3
H26,2020-07-29,还不错，整体性价比可以就是淋浴房太差了,高级大床房,5.0,0.6194999814033508,"不错, 环境, 服务, 早餐, 位置, 交通, 设施, 房间, 性价比, 高","['不错', '整体', '性价比', '淋浴房', '太', '差']",性价比,26,1.5,13612,3
H26,2020-07-29,服务态度很好,高级双床房,6.0,0.570900022983551,"房间, 差, 服务态度, 入住, 疫情, 空调, 太, 期间, 点, 体验",['服务态度'],设施,26,1.5,13613,3
H26,2020-07-30,前台服务很好常文警及李文文女生服务非常好专业热情,高级大床房,0.0,0.7609000205993652,"服务, 房间, 升级, 入住, 免费, 早餐, 热情, 推荐, 满意, 不错","['服务', '好常', '文警', '李', '文文', '女生', '服务', '专业', '热情']",服务,26,1.0,13614,2
H26,2020-07-31,酒店商务出差非常不错的选择，前台经理小常和李文文服务热情，礼宾主管小程和小邱服务专业，也感谢值班经理小周的帮忙，点赞????,高级大床房,0.0,0.4480000138282776,"服务, 房间, 升级, 入住, 免费, 早餐, 热情, 推荐, 满意, 不错","['商务', '出差', '不错', '选择', '经理', '小常', '李', '文文', '服务', '热情', '礼宾', '主管', '小程', '小邱', '服务', '专业', '感谢', '值班', '经理', '小周', '帮忙', '点', '赞']",服务,26,2.0,13615,4
H26,2020-07-31,酒店交通便利，值班经理小李和小周服务热情，前台经理小常和礼宾部小程服务很不错，下次还会入住。,高级大床房,0.0,0.4009000062942505,"服务, 房间, 升级, 入住, 免费, 早餐, 热情, 推荐, 满意, 不错","['交通', '便利', '值班', '经理', '小李', '小周', '服务', '热情', '经理', '小常', '礼宾', '部小程', '服务', '不错', '下次', '入住']",服务,26,2.0,13616,4
H26,2020-07-31,酒店文文和小覃及程鹏服务很好,高级大床房,4.0,0.593999981880188,"房, 旅游, 服, 时, 房间, 好评, 游玩, 套房, 选择, 订","['文文', '和小覃', '程鹏', '服务']",设施,26,1.5,13617,3
H26,2020-07-31,地铁站站附近餐饮多,高级双床房,2.0,0.4907000064849853,"房间, 位置, 旧, 地理位置, 住, 设施, 机场, 早餐, 出行, 出差","['地铁站', '站', '餐饮']",位置,26,1.5,13618,3
H26,2020-07-31,深圳的酒店普遍都比较贵，这个酒店价格也不算便宜吧，但是酒店设施可能跟五星级差一些。,豪华大床房,3.0,0.4781999886035919,"住, 舒服, 房间, 感觉, 入住, 性价比, 下次, 太, 床, 高","['深圳', '贵', '价格', '不算', '便宜', '酒店设施', '五星级', '差']",性价比,26,1.0,13619,2
H26,2020-07-31,位置便利，地铁、主干道都在旁边，离**城、海边都近，可兼顾商务和旅游，不错,高级大床房,2.0,0.4753000140190124,"房间, 位置, 旧, 地理位置, 住, 设施, 机场, 早餐, 出行, 出差","['位置', '便利', '地铁', '主干道', '旁边', '城', '海边', '兼顾', '商务', '旅游', '不错']",位置,26,1.0,13620,2
H26,2020-07-31,性价比很高，停车方便。,高级大床房,5.0,0.7854999899864197,"不错, 环境, 服务, 早餐, 位置, 交通, 设施, 房间, 性价比, 高","['性价比', '高', '停车']",性价比,26,1.5,13621,3
H26,2020-07-31,性价比很高，停车方便。,高级双床房,5.0,0.7854999899864197,"不错, 环境, 服务, 早餐, 位置, 交通, 设施, 房间, 性价比, 高","['性价比', '高', '停车']",性价比,26,1.5,13622,3
H26,2020-07-31,交通便利，值班经理李文文服务热情，前台经理小常不错，礼宾部小邱和小程也不错，也感谢值班经理小周的协作，谢谢,高级大床房,1.0,0.356000006198883,"服务, 干净, 卫生, 房间, 特别, 热情, 温泉, 整洁, 喜欢, 入住","['交通', '便利', '值班', '经理', '李', '文文', '服务', '热情', '经理', '小常', '不错', '礼宾', '部', '邱', '小程', '不错', '感谢', '值班', '经理', '小周', '协作', '谢谢']",卫生,26,5.0,13623,5
H26,2020-07-31,酒店值班经理李文文服务热情，交通便利，前台小黄，小沈也非常不错，礼宾小伙小容服务也好????,高级大床房,5.0,0.4235000014305115,"不错, 环境, 服务, 早餐, 位置, 交通, 设施, 房间, 性价比, 高","['值班', '经理', '李', '文文', '服务', '热情', '交通', '便利', '黄', '小沈', '不错', '礼宾', '小伙', '小容', '服务']",性价比,26,2.0,13624,4
H26,2020-07-31,{楼层视野优,高级大床房,0.0,0.823199987411499,"服务, 房间, 升级, 入住, 免费, 早餐, 热情, 推荐, 满意, 不错","['{', '楼层', '视野', '优']",服务,26,1.5,13625,3
H26,2020-07-31,朋友过来，离家近点，总统来说还是可以的,高级大床房,6.0,0.4221999943256378,"房间, 差, 服务态度, 入住, 疫情, 空调, 太, 期间, 点, 体验","['朋友', '离家近', '点', '总统']",设施,26,1.5,13626,3
H26,2020-08-01,地段很好，早餐丰富，设施略旧,高级双床房,5.0,0.828000009059906,"不错, 环境, 服务, 早餐, 位置, 交通, 设施, 房间, 性价比, 高","['地段', '早餐', '设施', '旧']",性价比,26,1.5,13627,3
H26,2020-08-02,酒店服杖T很好，房g空g大,高级大床房,0.0,0.3574000000953674,"服务, 房间, 升级, 入住, 免费, 早餐, 热情, 推荐, 满意, 不错","['酒店服', '', '人T', '房g', '空g']",服务,26,1.5,13628,3
H26,2020-08-02,押金退还有点慢,高级大床房,3.0,0.5042999982833862,"住, 舒服, 房间, 感觉, 入住, 性价比, 下次, 太, 床, 高","['押金', '退还', '慢']",性价比,26,1.5,13629,3
H26,2020-08-02,特别温馨棒,高级双床房,0.0,0.4839999973773956,"服务, 房间, 升级, 入住, 免费, 早餐, 热情, 推荐, 满意, 不错","['特别', '温馨', '棒']",服务,26,2.0,13630,4
H26,2020-08-02,在房间不能抽烟,高级双床房,6.0,0.7135000228881836,"房间, 差, 服务态度, 入住, 疫情, 空调, 太, 期间, 点, 体验","['房间', '抽烟']",设施,26,1.5,13631,3
H26,2020-08-03,早餐目前品种一般，估计是疫情影响。酒店设施目前基本都开了，可以游泳，可以健身。感觉还是不错的啊，现在价格不贵。,高级大床房,5.0,0.4034000039100647,"不错, 环境, 服务, 早餐, 位置, 交通, 设施, 房间, 性价比, 高","['早餐', '品种', '估计', '疫情', '影响', '酒店设施', '开', '游泳', '健身', '感觉', '不错', '价格', '贵']",性价比,26,1.5,13632,3
H26,2020-08-03,环境很不错??,高级双床房,5.0,0.7142000198364258,"不错, 环境, 服务, 早餐, 位置, 交通, 设施, 房间, 性价比, 高","['环境', '不错']",性价比,26,1.5,13633,3
H26,2020-08-03,酒店配套齐全、早餐丰富好吃。酒店大堂值班经理李文文服务非常周到、热情。非常舒适的一次住宿。,高级大床房,0.0,0.5181000232696533,"服务, 房间, 升级, 入住, 免费, 早餐, 热情, 推荐, 满意, 不错","['配套', '齐全', '早餐', '好吃', '值班', '经理', '李', '文文', '服务', '周到', '热情', '舒适', '住宿']",服务,26,4.0,13634,5
H26,2020-08-03,地铁口交通便利、环境优美。酒店大堂值班经理李文文服务非常贴心、非常周到、非常耐心解答。下次还会再过来入住。,高级大床房,0.0,0.6086000204086304,"服务, 房间, 升级, 入住, 免费, 早餐, 热情, 推荐, 满意, 不错","['地铁口', '交通', '便利', '环境优美', '值班', '经理', '李', '文文', '服务', '贴心', '周到', '耐心', '解答', '下次', '入住']",服务,26,2.0,13635,4
H26,2020-08-03,交通便利、设施齐全。酒店大堂值班经理李文文服务非常贴心、非常周到、非常耐心解答，及时有效帮我解决了问题。入住非常愉快。,高级大床房,0.0,0.5024999976158142,"服务, 房间, 升级, 入住, 免费, 早餐, 热情, 推荐, 满意, 不错","['交通', '便利', '设施', '齐全', '值班', '经理', '李', '文文', '服务', '贴心', '周到', '耐心', '解答', '帮', '解决', '入住', '愉快']",服务,26,4.0,13636,5
H26,2020-08-03,酒店是老酒店了，所以设施有点旧。但是大堂还是很nice的，服务员的服务也非常好。毕竟也是老五星酒店了?? 酒店周边也有超市！地铁站走路5分钟不到！非常方便！,高级双床房,2.0,0.8359000086784363,"房间, 位置, 旧, 地理位置, 住, 设施, 机场, 早餐, 出行, 出差","['设施', '旧', '服务员', '服务', '五星', '周边', '超市', '地铁站', '走路', '分钟', '不到']",位置,26,-1.0,13637,1
H26,2020-08-03,酒店各项服务一如既往的好，特别是酒店大堂值班经理李文文服务专业、热情，快速帮我办理入住手续，非常棒的入住体验。,高级大床房,0.0,0.4864999949932098,"服务, 房间, 升级, 入住, 免费, 早餐, 热情, 推荐, 满意, 不错","['各项', '服务', '一如既往', '特别', '值班', '经理', '李', '文文', '服务', '专业', '热情', '快速', '帮', '办理', '入住', '手续', '棒', '入住', '体验']",服务,26,2.0,13638,4
H26,2020-08-03,卫生真的一般,高级大床房,1.0,0.7138000130653381,"服务, 干净, 卫生, 房间, 特别, 热情, 温泉, 整洁, 喜欢, 入住","['卫生', '真的']",卫生,26,1.0,13639,2
H26,2020-08-03,酒店房间舒适、早餐品种丰富、交通便利、地段好。酒店大堂值班经理李文文服务贴心周到。很开心入住，下次还会再来。,高级大床房,0.0,0.52920001745224,"服务, 房间, 升级, 入住, 免费, 早餐, 热情, 推荐, 满意, 不错","['房间', '舒适', '早餐', '品种', '交通', '便利', '地段', '值班', '经理', '李', '文文', '服务', '贴心', '周到', '开心', '入住', '下次']",服务,26,4.0,13640,5
H26,2020-08-03,环境不错，下次继续,高级大床房,5.0,0.5309000015258789,"不错, 环境, 服务, 早餐, 位置, 交通, 设施, 房间, 性价比, 高","['环境', '不错', '下次']",性价比,26,1.5,13641,3
H26,2020-08-04,就在竹子林地铁站旁边，条件不错。,豪华大床房,2.0,0.8567000031471252,"房间, 位置, 旧, 地理位置, 住, 设施, 机场, 早餐, 出行, 出差","['竹子林', '地铁站', '旁边', '条件', '不错']",位置,26,1.5,13642,3
H26,2020-08-04,老牌五星，性价比很高。地理位置一般般，但是靠近地铁站。缺点是房间比较旧，设施不够智能。400至600价位里，比较推荐。,高级双床房,2.0,0.7996000051498413,"房间, 位置, 旧, 地理位置, 住, 设施, 机场, 早餐, 出行, 出差","['老牌', '五星', '性价比', '高', '地理位置', '一般般', '靠近', '地铁站', '缺点', '房间', '旧', '设施', '智能', '价位', '里', '推荐']",位置,26,0.0,13643,1
H26,2020-08-05,感觉比十年前差了不少。,高级双床房,6.0,0.5807999968528748,"房间, 差, 服务态度, 入住, 疫情, 空调, 太, 期间, 点, 体验","['感觉', '十年', '前', '差']",设施,26,1.5,13644,3
H26,2020-08-05,附近方便，吃的东西不少,高级大床房,0.0,0.7135999798774719,"服务, 房间, 升级, 入住, 免费, 早餐, 热情, 推荐, 满意, 不错","['吃', '东西']",服务,26,-1.0,13645,1
H26,2020-08-06,前台elieen emily 服务好,豪华大床房,1.0,0.5705999732017517,"服务, 干净, 卫生, 房间, 特别, 热情, 温泉, 整洁, 喜欢, 入住",['服务'],卫生,26,1.5,13646,3
H26,2020-08-06,前台elieen emily melody leo 服务好,豪华大床房,1.0,0.5706999897956848,"服务, 干净, 卫生, 房间, 特别, 热情, 温泉, 整洁, 喜欢, 入住",['服务'],卫生,26,1.5,13647,3
H26,2020-08-06,很方便，所以来深圳在市区的话经常选择这里。本来是过来休假探亲逛商超的，不过天气不好，所以住的三天里在酒店里待了很久，空间够大，家人可以好好聊天,高级大床房,2.0,0.4616000056266784,"房间, 位置, 旧, 地理位置, 住, 设施, 机场, 早餐, 出行, 出差","['深圳', '市区', '选择', '本来', '休假', '探亲', '逛', '商超', '天气', '不好', '住', '三天', '里', '里', '很久', '空间', '够', '家人', '好好', '聊天']",位置,26,-1.0,13648,1
H26,2020-08-07,挺好的，服务很周到。酒店设施很齐全，有gym room 和泳池，但是没想到恒温泳池水是冷的。酒店位置一般，但是楼下就有地铁站，去其他地方也很方便，酒店周围也有真功夫和其他小餐厅。没有吃酒店的早餐，但是在附近有吃一个潮汕的石磨拉布粉，很推荐，性价比很高哈哈。（图片没有怎么好好拍，哈哈）,高级双床房,5.0,0.7598000168800354,"不错, 环境, 服务, 早餐, 位置, 交通, 设施, 房间, 性价比, 高","['服务', '周到', '酒店设施', '齐全', '泳池', '没想到', '恒温', '泳池', '水', '冷', '位置', '楼下', '地铁站', '真功夫', '餐厅', '吃', '早餐', '吃', '潮汕', '石磨', '拉布', '粉', '推荐', '性价比', '高', '图片', '好好', '拍']",性价比,26,1.0,13649,2
H26,2020-08-07,还行，交通方便,高级大床房,5.0,0.7142000198364258,"不错, 环境, 服务, 早餐, 位置, 交通, 设施, 房间, 性价比, 高","['行', '交通']",性价比,26,1.5,13650,3
H26,2020-08-07,感谢前台小朱、小覃、小巫的协助，服务非常周到，让此次入住到退房非常顺利。对周边的介绍也非常仔细，热心。另外感谢小朱，我随口提了一下打不到车，大半夜的她就一直在马路边帮我拦车，真的太暖心了！十分感谢贵酒店团队的照顾！,高级大床房,1.0,0.4564000070095062,"服务, 干净, 卫生, 房间, 特别, 热情, 温泉, 整洁, 喜欢, 入住","['感谢', '朱', '小覃', '小巫', '协助', '服务', '周到', '入住', '退房', '顺利', '周边', '介绍', '仔细', '热心', '感谢', '朱', '随口', '提', '不到', '车', '大半夜', '马路边', '帮', '拦车', '真的', '太', '暖', '心', '感谢', '贵', '团队', '照顾']",卫生,26,5.0,13651,5
H26,2020-08-09,卫生间地漏没密封，异味严重，住了都后怕！！,高级双床房,1.0,0.8772000074386597,"服务, 干净, 卫生, 房间, 特别, 热情, 温泉, 整洁, 喜欢, 入住","['卫生间', '地漏', '密封', '异味', '住', '后怕']",卫生,26,1.5,13652,3
H26,2020-08-09,文警女士服务很好,豪华大床房,1.0,0.7674000263214111,"服务, 干净, 卫生, 房间, 特别, 热情, 温泉, 整洁, 喜欢, 入住","['文警', '女士', '服务']",卫生,26,1.5,13653,3
H26,2020-08-09,地点好风景佳,豪华双床房,5.0,0.5356000065803528,"不错, 环境, 服务, 早餐, 位置, 交通, 设施, 房间, 性价比, 高","['地点', '风景', '佳']",性价比,26,1.5,13654,3
H26,2020-08-10,最大优点是离地铁站口近,高级双床房,2.0,0.7856000065803528,"房间, 位置, 旧, 地理位置, 住, 设施, 机场, 早餐, 出行, 出差","['优点', '地铁站', '口']",位置,26,1.5,13655,3
H26,2020-08-10,酒店内部硬件设施有些老旧,豪华大床房,3.0,0.8281000256538391,"住, 舒服, 房间, 感觉, 入住, 性价比, 下次, 太, 床, 高","['内部', '硬件', '设施', '旧']",性价比,26,1.5,13656,3
H26,2020-08-10,早餐还可以,高级双床房,5.0,0.5709999799728394,"不错, 环境, 服务, 早餐, 位置, 交通, 设施, 房间, 性价比, 高",['早餐'],性价比,26,1.5,13657,3
H26,2020-08-10,酒店是好品牌 可惜太老旧了 有点老式过气酒店的感觉 一点不觉得高档 大堂很小气 布局很不周正 感觉怪怪的 下次不会入住了,高级双床房,3.0,0.4433999955654144,"住, 舒服, 房间, 感觉, 入住, 性价比, 下次, 太, 床, 高","['品牌', '可惜', '太', '旧', '老式', '气', '感觉', '一点', '高档', '很小', '气', '布局', '周正', '感觉', '怪怪的', '下次', '入住']",性价比,26,-1.0,13658,1
H26,2020-08-10,地理位置优越，离地铁近，凌晨三点到的酒店，感到很累很饿，感谢前台服务员谢小姐热情的为我推荐附近的肯德基和便利店，下次出差还会再住，极力推荐！！,高级双床房,0.0,0.3291999995708465,"服务, 房间, 升级, 入住, 免费, 早餐, 热情, 推荐, 满意, 不错","['地理位置', '优越', '地铁', '凌晨', '三点', '感到', '累', '饿', '感谢', '服务员', '谢小姐', '热情', '推荐', '肯德基', '便利店', '下次', '出差', '住', '极力推荐']",服务,26,3.0,13659,5
H26,2020-08-11,客户很满意,高级双床房,0.0,0.7141000032424927,"服务, 房间, 升级, 入住, 免费, 早餐, 热情, 推荐, 满意, 不错","['客户', '满意']",服务,26,1.0,13660,2
H26,2020-08-12,饭菜可口，值得,高级大床房,5.0,0.7853999733924866,"不错, 环境, 服务, 早餐, 位置, 交通, 设施, 房间, 性价比, 高","['饭菜', '可口', '值得']",性价比,26,2.0,13661,4
H26,2020-08-13,交通便利，闹中取静，老酒店一点也不觉得陈旧，泳池虽小，但人不多，水质好。可以带孩子一起玩，对面就是福田汽车站，也可以远望深圳湾，夕阳下的海会带给你美的享受。,高级大床房,2.0,0.3813000023365021,"房间, 位置, 旧, 地理位置, 住, 设施, 机场, 早餐, 出行, 出差","['交通', '便利', '闹中取静', '一点', '陈旧', '泳池', '水质', '孩子', '玩', '对面', '福田', '汽车站', '远望', '深圳湾', '夕阳', '海会', '带给', '美的', '享受']",位置,26,1.0,13662,2
H26,2020-08-13,隔音比较差其他还好,高级大床房,6.0,0.5134999752044678,"房间, 差, 服务态度, 入住, 疫情, 空调, 太, 期间, 点, 体验","['隔音', '差', '还好']",设施,26,1.5,13663,3
H26,2020-08-14,海景房风景很好，今天非常便利，在竹子林地铁口，通向市区和郊区主要的景点，房间够大，宽敞明亮。。。。。,高级大床房,2.0,0.656000018119812,"房间, 位置, 旧, 地理位置, 住, 设施, 机场, 早餐, 出行, 出差","['海景房', '风景', '便利', '竹子林', '地铁口', '通向', '市区', '郊区', '房间', '够', '宽敞明亮']",位置,26,1.0,13664,2
H26,2020-08-14,不错??，服务态度好,高级双床房,5.0,0.7139000296592712,"不错, 环境, 服务, 早餐, 位置, 交通, 设施, 房间, 性价比, 高","['不错', '服务态度']",性价比,26,1.5,13665,3
H26,2020-08-14,小朱小谢梁少威服务好,高级大床房,5.0,0.7161999940872192,"不错, 环境, 服务, 早餐, 位置, 交通, 设施, 房间, 性价比, 高","['朱小谢', '梁少威', '服务']",性价比,26,1.5,13666,3
H26,2020-08-14,小朱服务好 很好 非常好,高级大床房,1.0,0.7141000032424927,"服务, 干净, 卫生, 房间, 特别, 热情, 温泉, 整洁, 喜欢, 入住","['朱', '服务']",卫生,26,1.5,13667,3
H26,2020-08-14,交通非常方便，出门就是地铁站，前台小舒很热情，耐心地介绍如何使用微信坐地铁，告知了房间衣柜有雨伞，五楼有游泳池和健身房，wifi如何连接，第一次入住，问了很多问题都耐心的回答了，虽然酒店不是很新，但是工作人员很热情，值得选择,高级双床房,0.0,0.6067000031471252,"服务, 房间, 升级, 入住, 免费, 早餐, 热情, 推荐, 满意, 不错","['交通', '出门', '地铁站', '小舒', '热情', '耐心', '介绍', '微信', '坐地铁', '告知', '房间', '衣柜', '雨伞', '楼', '游泳池', '健身房', '连接', '第一次', '入住', '问', '耐心', '回答', '新', '工作人员', '热情', '值得', '选择']",服务,26,3.0,13668,5
H26,2020-08-14,还不错，就是泳池有点小。周边交通很方便。,高级大床房,5.0,0.8284000158309937,"不错, 环境, 服务, 早餐, 位置, 交通, 设施, 房间, 性价比, 高","['不错', '泳池', '周边', '交通']",性价比,26,1.5,13669,3
H26,2020-08-14,我要客观且有比较的评价一下：1.身为星际酒店，没有除湿机，这一点不合格。2.酒店应该是老字号，设备需要更新了，否则会被淘汰的，我和同事定了两间，每一间都是很潮湿，被子和床都碰到感觉下面有水，开了空调除湿依然没有用！！！无法入睡，潮湿的被子和床易滋生细菌！！3.早餐时候牛奶杯子里面有红色的印，服务员只说给换个杯子，我与同事说这样太敷衍了吧，后来扯皮半小时才给郑重道歉！！深圳是一个包容和专业的城市，不应如此！！4.前两天住的这个酒店，第三天换了某某连锁快捷，某某连锁快捷的体验碾压这个酒店！！,高级大床房,3.0,0.5145999789237976,"住, 舒服, 房间, 感觉, 入住, 性价比, 下次, 太, 床, 高","['客观', '评价', '身为', '星际', '除湿机', '一点', '合格', '老字号', '设备', '更新', '淘汰', '同事', '两间', '一间', '潮湿', '被子', '和床', '碰到', '感觉', '水', '开', '空调', '除湿', '依然', '入睡', '潮湿', '被子', '床易', '滋生', '细菌', '早餐', '牛奶', '杯子', '红色', '印', '服务员', '只说', '换', '杯子', '同事', '太', '敷衍', '扯皮', '半小时', '郑重', '道歉', '深圳', '包容', '专业', '城市', '应', '前两天', '住', '第三天', '换', '连锁', '快捷', '连锁', '快捷', '体验', '碾压']",性价比,26,-1.0,13670,1
H26,2020-08-14,小朱小邱小沈服务好,高级大床房,5.0,0.7644000053405762,"不错, 环境, 服务, 早餐, 位置, 交通, 设施, 房间, 性价比, 高","['朱小邱', '沈', '服务']",性价比,26,1.5,13671,3
H26,2020-08-15,没有时间吃早餐，不做评价。酒店的服务到位，酒店工作人员小朱服务态度棒棒的，点赞。,高级大床房,1.0,0.6078000068664551,"服务, 干净, 卫生, 房间, 特别, 热情, 温泉, 整洁, 喜欢, 入住","['时间', '吃', '早餐', '做', '评价', '服务到位', '工作人员', '朱', '服务态度', '棒棒', '点', '赞']",卫生,26,1.5,13672,3
H26,2020-08-15,前台经理小朱服务态度很好,高级大床房,1.0,0.7851999998092651,"服务, 干净, 卫生, 房间, 特别, 热情, 温泉, 整洁, 喜欢, 入住","['经理', '朱', '服务态度']",卫生,26,1.5,13673,3
H26,2020-08-15,前台小朱服务态度很好,高级大床房,1.0,0.7135999798774719,"服务, 干净, 卫生, 房间, 特别, 热情, 温泉, 整洁, 喜欢, 入住","['朱', '服务态度']",卫生,26,1.5,13674,3
H26,2020-08-15,位置很好，房间景观不错，整体好评,豪华大床房,5.0,0.7409999966621399,"不错, 环境, 服务, 早餐, 位置, 交通, 设施, 房间, 性价比, 高","['位置', '房间', '景观', '不错', '整体', '好评']",性价比,26,1.5,13675,3
H26,2020-08-15,小朱小薛服务好 非常满意,高级大床房,0.0,0.7688000202178955,"服务, 房间, 升级, 入住, 免费, 早餐, 热情, 推荐, 满意, 不错","['朱小薛', '服务', '满意']",服务,26,1.0,13676,2
H26,2020-08-15,商务酒店，稍微有点破旧了,豪华大床房,6.0,0.7853000164031982,"房间, 差, 服务态度, 入住, 疫情, 空调, 太, 期间, 点, 体验","['商务酒店', '稍微', '破旧']",设施,26,-1.0,13677,1
H26,2020-08-15,从来都是习惯性的好评，但是这次不得不给个超级差评！预定了酒店带孩子周末玩下，办理了入住的酒店一进门扑鼻而来的是超级发霉的味道！要求换房，换了一个房间之后楼道里是另外一种奇怪的味道！进了房间勉强没有那么大的发霉的味道，带着孩子想下算了，吃了东西回来冲完凉打开冰箱看了下，真的是叫我觉得恶心！冰箱里还有上一个人客人留下的鸭脖子，什么乱七八糟的东西，瞬间再次觉得无语！冲凉的时候用手去拿矿泉水，酒店赠送的，结果瓶子下面是滑滑的，更是叫我觉得心生厌恶！更可笑的是，退房的时候发生的事情！看电视要收费，且前台还说我在威胁她！真的很难以想象一个法律人士在给她讲什么叫强制消费，居然在大庭广众之下说我是在威胁她！真的是对这样的酒店超级无语！国内外五星级酒店住过不少，还真是第一次见到环境这样还态度这样的酒店！,豪华大床房,6.0,0.4108999967575073,"房间, 差, 服务态度, 入住, 疫情, 空调, 太, 期间, 点, 体验","['习惯性', '好评', '超级', '差', '评', '预定', '孩子', '周末', '玩下', '办理', '入住', '进门', '扑鼻而来', '超级', '发霉', '味道', '换房', '换', '房间', '楼道', '里', '一种', '奇怪', '味道', '进', '房间', '勉强', '发霉', '味道', '孩子', '想下', '算了', '吃', '东西', '回来', '完凉', '打开', '冰箱', '真的', '恶心', '冰箱', '里', '客人', '留下', '鸭脖子', '乱七八糟', '东西', '瞬间', '语', '冲凉', '手', '矿泉水', '赠送', '瓶子', '滑滑', '更是', '心', '生', '厌恶', '可笑', '退房', '发生', '事情', '看电视', '收费', '威胁', '真的', '难以想象', '法律', '人士', '讲', '强制', '消费', '大庭广众', '之下', '威胁', '真的', '超级', '语', '国内外', '五星级', '住', '第一次', '见到', '环境', '态度']",设施,26,-11.0,13678,1
H26,2020-08-15,交通方便，设施完善，服务到位，特别是小朱，值得表扬，酒店有你这样的好员工，将会有更多的回头客。,高级大床房,5.0,0.4388000071048736,"不错, 环境, 服务, 早餐, 位置, 交通, 设施, 房间, 性价比, 高","['交通', '设施', '完善', '服务到位', '特别', '朱', '值得', '表扬', '员工', '回头客']",性价比,26,3.0,13679,5
H26,2020-08-15,环境总体还不错,高级大床房,5.0,0.7856000065803528,"不错, 环境, 服务, 早餐, 位置, 交通, 设施, 房间, 性价比, 高","['环境', '总体', '不错']",性价比,26,1.5,13680,3
H26,2020-08-15,房间很大很好。,豪华大床房,0.0,0.7134000062942505,"服务, 房间, 升级, 入住, 免费, 早餐, 热情, 推荐, 满意, 不错","['房间', '很大']",服务,26,1.5,13681,3
H26,2020-08-16,地方不错，前台服务快捷，总体上还是不错的。,高级大床房,5.0,0.6636999845504761,"不错, 环境, 服务, 早餐, 位置, 交通, 设施, 房间, 性价比, 高","['不错', '服务', '快捷', '总体', '不错']",性价比,26,1.5,13682,3
H26,2020-08-16,装修太老了，服务一般般,高级大床房,5.0,0.8274999856948853,"不错, 环境, 服务, 早餐, 位置, 交通, 设施, 房间, 性价比, 高","['装修', '太', '服务', '一般般']",性价比,26,1.5,13683,3
H26,2020-08-16,装修太老了，服务一般般,行政高级大床房,5.0,0.8274999856948853,"不错, 环境, 服务, 早餐, 位置, 交通, 设施, 房间, 性价比, 高","['装修', '太', '服务', '一般般']",性价比,26,1.5,13684,3
H26,2020-08-16,设施比较旧 隔音效果不好 一晚上都有开门关门的声音 而且是感觉开的房间的门 除了孩子 两个大人一晚上没睡好 还有没搞懂镜子为啥要对着床,高级双床房,6.0,0.4040000140666961,"房间, 差, 服务态度, 入住, 疫情, 空调, 太, 期间, 点, 体验","['设施', '旧', '隔音', '效果', '不好', '晚上', '开门', '关门', '声音', '感觉', '开', '房间', '门', '孩子', '两个', '大人', '晚上', '睡', '搞懂', '镜子', '为啥', '着床']",设施,26,-1.0,13685,1
H26,2020-08-16,酒店时间很久了，房间一股发霉的味道，床头还没有插座，排水系统也不好，水冲不下去，一天能堵两次，实在受不了换了个房间，床头好不容易有插座，冲了一晚上没冲上点，第二天给前台反应，也爱答不理的，以后再也不会住这里了，太差了！！！！！,高级双床房,6.0,0.4217999875545501,"房间, 差, 服务态度, 入住, 疫情, 空调, 太, 期间, 点, 体验","['时间', '久', '房间', '一股', '发霉', '味道', '床头', '插座', '排水系统', '不好', '水冲', '堵', '两次', '实在', '受不了', '换', '房间', '床头', '好不容易', '插座', '晚上', '没冲', '点', '第二天', '爱答不理', '再也不会', '住', '太', '差']",设施,26,-1.0,13686,1
H26,2020-08-16,前台小朱服务好 礼宾部小容小程服务好 商务办公舒适 在房间写作有灵感，以后带父母来深圳也会再来这家！,高级大床房,1.0,0.6890000104904175,"服务, 干净, 卫生, 房间, 特别, 热情, 温泉, 整洁, 喜欢, 入住","['朱', '服务', '礼宾', '部', '小容', '程', '服务', '商务', '办公', '舒适', '房间', '写作', '灵感', '父母', '深圳', '这家']",卫生,26,2.0,13687,4
H26,2020-08-16,设施比较旧，床品不太舒服,豪华大床房,3.0,0.8567000031471252,"住, 舒服, 房间, 感觉, 入住, 性价比, 下次, 太, 床, 高","['设施', '旧', '床品', '太', '舒服']",性价比,26,1.0,13688,2
H26,2020-08-16,很不错服务好,高级大床房,5.0,0.7139999866485596,"不错, 环境, 服务, 早餐, 位置, 交通, 设施, 房间, 性价比, 高","['不错', '服务']",性价比,26,1.5,13689,3
H26,2020-08-17,凌晨三点多才到酒店，前台小舒迅速而专业的为我办理好了入住手续，给我做了免费延迟退房，从进门快到前台的热情欢迎，到给房卡后祝我入住愉快，让我本来有点糟糕的心情好了很多,高级大床房,6.0,0.3330000042915344,"房间, 差, 服务态度, 入住, 疫情, 空调, 太, 期间, 点, 体验","['凌晨', '三点', '小舒', '专业', '办理', '入住', '手续', '做', '免费', '延迟', '退房', '进门', '热情欢迎', '房卡', '祝', '入住', '愉快', '本来', '糟糕', '心情']",设施,26,0.0,13690,1
H26,2020-08-17,酒店整体装修还是十年一个样，硬件设施肯定是不能跟新的五星酒店相比了的，所以我更注重是是软件服务。还好，人员素质还是不错的，卫生也很好，起码卫生间的浴室洗手台等缝隙都没有发霉的情况，这对于老酒店来说是很难得的。床品还是一如既往的舒服，不过电视机也应该要换新了，现在的真是有点落后了的。总体来说，性价比很高的酒店，下次还是会选择入住。,豪华双床房,3.0,0.5773000121116638,"住, 舒服, 房间, 感觉, 入住, 性价比, 下次, 太, 床, 高","['整体', '装修', '十年', '一个样', '硬件', '设施', '肯定', '新', '五星', '相比', '注重', '软件', '服务', '还好', '人员素质', '不错', '卫生', '起码', '卫生间', '浴室', '洗手台', '缝隙', '发霉', '情况', '床品', '一如既往', '舒服', '电视机', '要换', '新', '落后', '总体', '性价比', '很高', '下次', '选择', '入住']",性价比,26,3.0,13691,5
H26,2020-08-17,地点挺好。设施陈旧！,高级双床房,5.0,0.4248000085353851,"不错, 环境, 服务, 早餐, 位置, 交通, 设施, 房间, 性价比, 高","['地点', '设施', '陈旧']",性价比,26,-1.0,13692,1
H26,2020-08-18,早餐不错很丰富，李帆经理很热情接待,高级大床房,0.0,0.4345999956130981,"服务, 房间, 升级, 入住, 免费, 早餐, 热情, 推荐, 满意, 不错","['早餐', '不错', '李帆', '经理', '热情接待']",服务,26,1.5,13693,3
H26,2020-08-18,前台服务员小谢、小罗很热情接待,高级大床房,1.0,0.6261000037193298,"服务, 干净, 卫生, 房间, 特别, 热情, 温泉, 整洁, 喜欢, 入住","['服务员', '小谢', '小罗', '热情接待']",卫生,26,1.5,13694,3
H26,2020-08-18,服务很好，解决了实际问题。,高级大床房,1.0,0.7139000296592712,"服务, 干净, 卫生, 房间, 特别, 热情, 温泉, 整洁, 喜欢, 入住","['服务', '解决']",卫生,26,1.0,13695,2
H26,2020-08-18,大堂经理 小朱 给你点个赞，酒店服务态度很棒。很安静很不错。,高级大床房,1.0,0.566100001335144,"服务, 干净, 卫生, 房间, 特别, 热情, 温泉, 整洁, 喜欢, 入住","['经理', '小朱', '点', '赞', '服务态度', '很棒', '安静', '不错']",卫生,26,2.0,13696,4
H26,2020-08-18,花洒是坏的,高级双床房,1.0,0.4154999852180481,"服务, 干净, 卫生, 房间, 特别, 热情, 温泉, 整洁, 喜欢, 入住","['花洒', '坏']",卫生,26,1.5,13697,3
H26,2020-08-18,早餐目前一般，不是五星酒店的标准。现在健身游泳设施都已经开放，住店客人就可以用。酒店迷你吧比较一般，免费的就不多。,湾景套房,2.0,0.9283999800682068,"房间, 位置, 旧, 地理位置, 住, 设施, 机场, 早餐, 出行, 出差","['早餐', '五星', '标准', '健身', '游泳', '设施', '开放', '住店', '客人', '迷你', '免费']",位置,26,2.0,13698,4
H26,2020-08-19,酒店沙发都发霉了，整个卫生间还漏水房间潮的不行，还不送早餐。整体体验非常差下次再也不会住了，也没有下次了，希望大家警惕,高级双床房,3.0,0.4171999990940094,"住, 舒服, 房间, 感觉, 入住, 性价比, 下次, 太, 床, 高","['沙发', '发霉', '卫生间', '漏水', '房间', '潮', '不行', '送', '早餐', '整体', '体验', '差', '下次', '再也不会', '住', '下次', '希望', '警惕']",性价比,26,0.0,13699,1
H26,2020-08-19,酒店地处京港澳高速和深南大道交叉口，位置不错，最棒的是旁边有地铁竹子林站，非常方便。出门去深圳湾公园、世界之窗、莲花山也很方便。可以远眺大海，很喜欢。酒店价格合理，早餐一般，内容不丰富。酒店设备确实有点陈旧了，服务也还行，去机场约半小时车程。,高级大床房,2.0,0.6047000288963318,"房间, 位置, 旧, 地理位置, 住, 设施, 机场, 早餐, 出行, 出差","['地处', '京', '港澳', '高速', '深南', '大道', '交叉口', '位置', '不错', '棒', '旁边', '地铁', '竹子林', '站', '出门', '深圳湾', '公园', '世界之窗', '莲花山', '远眺', '大海', '喜欢', '价格合理', '早餐', '内容', '酒店设备', '确实', '陈旧', '服务', '还行', '机场', '约', '半小时', '车程']",位置,26,1.0,13700,2
H26,2020-08-19,目前早餐已经开始营业了，但是品种不是很丰富，吃早餐的人也不多。早餐比原来下降得十分厉害，估计是借疫情原因故意下降品质。,高级双床房,6.0,0.3183000087738037,"房间, 差, 服务态度, 入住, 疫情, 空调, 太, 期间, 点, 体验","['早餐', '营业', '品种', '吃', '早餐', '早餐', '下降', '厉害', '估计', '疫情', '原因', '下降', '品质']",设施,26,-2.0,13701,1
H26,2020-08-20,酒店房间设施太老了，现在浴缸里面淋浴，很不方便,豪华大床房,2.0,0.4569000005722046,"房间, 位置, 旧, 地理位置, 住, 设施, 机场, 早餐, 出行, 出差","['房间', '设施', '太', '浴缸', '淋浴']",位置,26,1.5,13702,3
H26,2020-08-20,酒店的服务态度非常好??地理位置很好！就是设施老旧。,高级大床房,2.0,0.6107000112533569,"房间, 位置, 旧, 地理位置, 住, 设施, 机场, 早餐, 出行, 出差","['服务态度', '地理位置', '设施', '旧']",位置,26,1.5,13703,3
H26,2020-08-20,酒店稍微有点老旧了，时间比较长啦。现在健身房已经开始开放，健身的人不多，游泳池也开始营业了。早餐品质下降了。,高级大床房,2.0,0.5909000039100647,"房间, 位置, 旧, 地理位置, 住, 设施, 机场, 早餐, 出行, 出差","['稍微', '旧', '时间', '长', '健身房', '开放', '健身', '游泳池', '营业', '早餐', '品质', '下降']",位置,26,0.0,13704,1
H26,2020-08-21,前台小朱服务非常ok，小容也不错。,高级大床房,1.0,0.5277000069618225,"服务, 干净, 卫生, 房间, 特别, 热情, 温泉, 整洁, 喜欢, 入住","['朱', '服务', '小容', '不错']",卫生,26,1.5,13705,3
H26,2020-08-21,出行方便、交通便利！,高级大床房,5.0,0.6205999851226807,"不错, 环境, 服务, 早餐, 位置, 交通, 设施, 房间, 性价比, 高","['出行', '交通', '便利']",性价比,26,1.0,13706,2
H26,2020-08-21,难道你cm毛线帽cm毛线帽cm面对面的想不到吧,高级大床房,4.0,0.8248999714851379,"房, 旅游, 服, 时, 房间, 好评, 游玩, 套房, 选择, 订","['毛线帽', '毛线帽', '面对面', '想不到']",设施,26,-1.0,13707,1
H26,2020-08-21,比较老旧的五星级了，价格还不错,高级双床房,5.0,0.8277999758720398,"不错, 环境, 服务, 早餐, 位置, 交通, 设施, 房间, 性价比, 高","['旧', '五星级', '价格', '不错']",性价比,26,1.5,13708,3
H26,2020-08-21,太老太旧了，不值得。,高级大床房,2.0,0.6478999853134155,"房间, 位置, 旧, 地理位置, 住, 设施, 机场, 早餐, 出行, 出差","['太', '老太', '旧', '值得']",位置,26,1.0,13709,2
H26,2020-08-21,位置不错 就是设施有电陈旧,高级双床房,5.0,0.8569999933242798,"不错, 环境, 服务, 早餐, 位置, 交通, 设施, 房间, 性价比, 高","['位置', '不错', '设施', '电', '陈旧']",性价比,26,-1.0,13710,1
H26,2020-08-22,什么鬼五星酒店，什么服务都没有，态度还不好，酒店还陈旧，还强迫我给好评,高级双床房,6.0,0.6237000226974487,"房间, 差, 服务态度, 入住, 疫情, 空调, 太, 期间, 点, 体验","['鬼', '五星', '服务', '态度', '不好', '陈旧', '强迫', '好评']",设施,26,-3.0,13711,1
H26,2020-08-22,这个什么鬼五星酒店，什么服务都没有，态度还不好，酒店还陈旧，还强迫我给好评,高级双床房,6.0,0.6237000226974487,"房间, 差, 服务态度, 入住, 疫情, 空调, 太, 期间, 点, 体验","['鬼', '五星', '服务', '态度', '不好', '陈旧', '强迫', '好评']",设施,26,-3.0,13712,1
H26,2020-08-22,整体来说，非常不错,高级大床房,5.0,0.7142000198364258,"不错, 环境, 服务, 早餐, 位置, 交通, 设施, 房间, 性价比, 高","['整体', '不错']",性价比,26,1.5,13713,3
H26,2020-08-23,服务态度很好,高级大床房,6.0,0.570900022983551,"房间, 差, 服务态度, 入住, 疫情, 空调, 太, 期间, 点, 体验",['服务态度'],设施,26,1.5,13714,3
H26,2020-08-23,环境还不错,高级大床房,5.0,0.7142000198364258,"不错, 环境, 服务, 早餐, 位置, 交通, 设施, 房间, 性价比, 高","['环境', '不错']",性价比,26,1.5,13715,3
H26,2020-08-23,房间很大 很干净 服务也很好 交通也非常方便 下次还会选择,豪华大床房,0.0,0.3858000040054321,"服务, 房间, 升级, 入住, 免费, 早餐, 热情, 推荐, 满意, 不错","['房间', '很大', '干净', '服务', '交通', '下次', '选择']",服务,26,1.5,13716,3
H26,2020-08-23,差，酒店贵，早餐单调，卫生间开关坏,高级双床房,5.0,0.4709999859333038,"不错, 环境, 服务, 早餐, 位置, 交通, 设施, 房间, 性价比, 高","['差', '贵', '早餐', '单调', '卫生间', '开关', '坏']",性价比,26,-1.0,13717,1
H26,2020-08-23,房间的设置极不人性化，比如淋浴的地方在浴缸上面。床头为什么没有充电插板？！,高级大床房,2.0,0.4763999879360199,"房间, 位置, 旧, 地理位置, 住, 设施, 机场, 早餐, 出行, 出差","['房间', '设置', '人性化', '淋浴', '浴缸', '床头', '充电', '插板']",位置,26,1.5,13718,3
H26,2020-08-23,交通便利，价格合适,高级大床房,5.0,0.828499972820282,"不错, 环境, 服务, 早餐, 位置, 交通, 设施, 房间, 性价比, 高","['交通', '便利', '价格', '合适']",性价比,26,2.0,13719,4
H26,2020-08-23,价格合适，交通便利,高级大床房,5.0,0.828499972820282,"不错, 环境, 服务, 早餐, 位置, 交通, 设施, 房间, 性价比, 高","['价格', '合适', '交通', '便利']",性价比,26,2.0,13720,4
H26,2020-08-24,美好的酒店，美好的一切。位置也很好，服务也很好。大堂经理朱小姐很热情。这美好的城市，但愿能一切快乐，祥和。,高级大床房,0.0,0.4666000008583069,"服务, 房间, 升级, 入住, 免费, 早餐, 热情, 推荐, 满意, 不错","['美好', '美好', '位置', '服务', '经理', '朱', '小姐', '热情', '美好', '城市', '快乐', '祥和']",服务,26,5.0,13721,5
H26,2020-08-24,服务员似乎稍微高冷了一点，再温和一点会更好。,高级大床房,2.0,0.3407000005245209,"房间, 位置, 旧, 地理位置, 住, 设施, 机场, 早餐, 出行, 出差","['服务员', '稍微', '高', '冷', '一点', '温和', '一点', '更好']",位置,26,1.0,13722,2
H26,2020-08-24,今年疫情以后比官网定便宜很多 性价比高,豪华大床房,3.0,0.8730999827384949,"住, 舒服, 房间, 感觉, 入住, 性价比, 下次, 太, 床, 高","['疫情', '比官', '网定', '便宜', '性价比', '高']",性价比,26,1.0,13723,2
H26,2020-08-24,早餐品种比5月份增加了很多，但是丰富程度还是不够，没有达到5星级酒店的标准。目前酒店的健身房已经开始营业了……,湾景套房,2.0,0.3828000128269195,"房间, 位置, 旧, 地理位置, 住, 设施, 机场, 早餐, 出行, 出差","['早餐', '品种', '月份', '增加', '程度', '星级', '标准', '健身房', '营业']",位置,26,1.0,13724,2
H26,2020-08-24,帮客户订的 地理位置好 性价比高 服务也还可以 下次还会给客户订 可以可以可以可以可以可以可以可以可以,高级大床房,0.0,0.734499990940094,"服务, 房间, 升级, 入住, 免费, 早餐, 热情, 推荐, 满意, 不错","['帮', '客户', '订', '地理位置', '性价比', '高', '服务', '下次', '客户', '订']",服务,26,1.5,13725,3
H26,2020-08-24,不错，房间很好,豪华大床房,5.0,0.7135999798774719,"不错, 环境, 服务, 早餐, 位置, 交通, 设施, 房间, 性价比, 高","['不错', '房间']",性价比,26,1.5,13726,3
H26,2020-08-25,酒店位置和服务都很好，特别是前台小巫！就是稍微有点陈旧了,高级大床房,5.0,0.5042999982833862,"不错, 环境, 服务, 早餐, 位置, 交通, 设施, 房间, 性价比, 高","['位置', '服务', '特别', '小巫', '稍微', '陈旧']",性价比,26,0.0,13727,1
H26,2020-08-25,酒店位置好，机场便利，服务走心，值得推荐??,高级大床房,5.0,0.5958999991416931,"不错, 环境, 服务, 早餐, 位置, 交通, 设施, 房间, 性价比, 高","['位置', '机场', '便利', '服务', '走心', '值得', '推荐']",性价比,26,3.0,13728,5
H26,2020-08-25,带小孩 酒店给免费升级了房间 很大 感谢。酒店唯一的问题是 设施有点老旧,高级大床房,0.0,0.5338000059127808,"服务, 房间, 升级, 入住, 免费, 早餐, 热情, 推荐, 满意, 不错","['小孩', '免费', '升级', '房间', '很大', '感谢', '唯一', '设施', '旧']",服务,26,2.0,13729,4
H26,2020-08-26,现在价格还是比较实惠，毕竟是五星级酒店啦。目前早餐品种不是特别丰富，吃饱喝足也是足够了。酒店很久没有装修了，有些旧啦。,高级大床房,2.0,0.5421000123023987,"房间, 位置, 旧, 地理位置, 住, 设施, 机场, 早餐, 出行, 出差","['价格', '实惠', '五星级', '早餐', '品种', '特别', '吃饱喝足', '足够', '很久没', '装修', '旧']",位置,26,2.0,13730,4
